-- phpMyAdmin SQL Dump
-- version 4.6.4
-- https://www.phpmyadmin.net/
--
-- Host: 127.0.0.1
-- Generation Time: Jun 23, 2020 at 08:36 AM
-- Server version: 5.7.14
-- PHP Version: 5.6.25

SET SQL_MODE = "NO_AUTO_VALUE_ON_ZERO";
SET time_zone = "+00:00";


/*!40101 SET @OLD_CHARACTER_SET_CLIENT=@@CHARACTER_SET_CLIENT */;
/*!40101 SET @OLD_CHARACTER_SET_RESULTS=@@CHARACTER_SET_RESULTS */;
/*!40101 SET @OLD_COLLATION_CONNECTION=@@COLLATION_CONNECTION */;
/*!40101 SET NAMES utf8mb4 */;

--
-- Database: `gk2020b`
--

-- --------------------------------------------------------

--
-- Table structure for table `category`
--

CREATE TABLE `category` (
  `c_id` int(11) UNSIGNED NOT NULL,
  `c_description` varchar(25) COLLATE utf8_unicode_ci NOT NULL
) ENGINE=MyISAM DEFAULT CHARSET=utf8 COLLATE=utf8_unicode_ci;

--
-- Dumping data for table `category`
--

INSERT INTO `category` (`c_id`, `c_description`) VALUES
(1, 'מאפים'),
(2, 'מוצרי חלב'),
(3, 'נקניקים'),
(4, 'ביצים');

-- --------------------------------------------------------

--
-- Table structure for table `chat`
--

CREATE TABLE `chat` (
  `t1` varchar(25) COLLATE utf8_unicode_ci NOT NULL,
  `t2` varchar(25) COLLATE utf8_unicode_ci NOT NULL,
  `chat_id` int(11) UNSIGNED NOT NULL,
  `talk` varchar(100) COLLATE utf8_unicode_ci NOT NULL,
  `dt` datetime NOT NULL DEFAULT CURRENT_TIMESTAMP COMMENT 'זמן כתיבת השורה'
) ENGINE=InnoDB DEFAULT CHARSET=utf8 COLLATE=utf8_unicode_ci;

--
-- Dumping data for table `chat`
--

INSERT INTO `chat` (`t1`, `t2`, `chat_id`, `talk`, `dt`) VALUES
('s_1', 'u_1', 1, 'בקר טוב', '2020-06-16 17:46:33'),
('s_1', 'u_1', 2, 'מה נשמע?', '2020-06-16 17:46:33'),
('s_1', 'u_1', 3, 'הכל טוב...', '2020-06-16 17:46:33'),
('s_1', 'u_1', 4, 'יש לך לחם וביצים היום?', '2020-06-16 17:46:33'),
('s_1', 'u_1', 5, 'כן כמה את צריכה?', '2020-06-16 17:46:33'),
('s_1', 'u_1', 6, '12 ביצים גדולות ולחם פרוס אחד', '2020-06-16 17:46:33'),
('s_1', 'u_1', 7, 'לחם אחד?', '2020-06-16 17:46:33'),
('s_1', 'u_1', 8, 'כן', '2020-06-16 17:46:33'),
('s_1', 'u_1', 9, '12.60', '2020-06-16 17:46:33'),
('s_1', 'u_1', 10, 'בסדר מתי אתה מגיע?', '2020-06-16 17:46:33'),
('s_1', 'u_1', 11, 'לקראת שלוש, זה בסדר?', '2020-06-16 17:46:33'),
('s_1', 'u_1', 12, 'יופי תודה', '2020-06-16 17:46:33'),
('s_2', 'u_2', 13, 'יש לך אבקת כביסה?', '2020-06-16 17:46:33'),
('s_2', 'u_2', 14, 'כן איזה?', '2020-06-16 17:46:33'),
('s_2', 'u_2', 15, '2-4 ק\'ג לצבעוני', '2020-06-16 17:46:33'),
('s_2', 'u_2', 16, 'סוד, מקסימה?', '2020-06-16 17:46:33'),
('s_2', 'u_2', 17, 'מקסימה, כמה זה עולה?', '2020-06-16 17:46:33'),
('s_2', 'u_2', 18, '24.90', '2020-06-16 17:46:33'),
('s_2', 'u_2', 19, 'טוב מתי אתה מגיע?', '2020-06-16 17:46:33'),
('s_2', 'u_2', 20, 'לקראת חמש זה בסדר?', '2020-06-16 17:46:33'),
('s_2', 'u_2', 21, 'כן מצויין, תודה.', '2020-06-16 17:46:33');

-- --------------------------------------------------------

--
-- Table structure for table `log`
--

CREATE TABLE `log` (
  `l_s_id` int(11) NOT NULL COMMENT 'קוד ספק',
  `l_u_id` int(11) NOT NULL COMMENT 'קוד משתמש',
  `l_p_id` int(11) NOT NULL COMMENT 'קוד מוצר',
  `l_price` float NOT NULL COMMENT 'מחיר המוצר ללקוח',
  `l_dt` datetime NOT NULL DEFAULT CURRENT_TIMESTAMP COMMENT 'זמן הזמנה'
) ENGINE=MyISAM DEFAULT CHARSET=utf8 COLLATE=utf8_unicode_ci;

-- --------------------------------------------------------

--
-- Table structure for table `product`
--

CREATE TABLE `product` (
  `p_shop_id` int(11) UNSIGNED NOT NULL COMMENT 'קוד חנות',
  `p_category` int(11) UNSIGNED NOT NULL COMMENT 'קטגוריה',
  `p_id` int(11) NOT NULL,
  `p_description` varchar(50) COLLATE utf8_unicode_ci NOT NULL COMMENT 'תיאור המוצר',
  `p_cost` float NOT NULL COMMENT 'מחיר המוצר',
  `p_stock` varchar(10) COLLATE utf8_unicode_ci NOT NULL COMMENT 'נמצא במלאי'
) ENGINE=MyISAM DEFAULT CHARSET=utf8 COLLATE=utf8_unicode_ci;

--
-- Dumping data for table `product`
--

INSERT INTO `product` (`p_shop_id`, `p_category`, `p_id`, `p_description`, `p_cost`, `p_stock`) VALUES
(1, 4, 1, 'ביצי מאכל- גודל ענק ( XL )', 12.4, '1'),
(1, 4, 2, 'ביצי מאכל - גודל גדול (L)', 11.3, '1'),
(1, 4, 3, 'ביצי מאכל - מדיום (M)', 10.4, '1'),
(1, 2, 4, 'גבינה לבנה 5%', 4.75, '1'),
(1, 2, 5, 'גבינה קשה חצי שמנה עמק רגילה', 42.7, '1'),
(1, 2, 6, 'גבינה קשה שמנה גלבוע', 40.59, '1'),
(1, 2, 7, 'גיל 3% שומן', 1.44, '1'),
(1, 2, 8, 'חלב טרי  1% שומן בשקית (רגיל)', 4.81, '1'),
(1, 2, 9, 'חלב טרי 1% שומן בקרטון (רגיל)', 5.59, '1'),
(1, 2, 10, 'חלב טרי 3% שומן בקרטון (רגיל)', 5.94, '1'),
(1, 2, 11, 'חלב טרי 3% שומן בשקית (רגיל)', 5.17, '1'),
(1, 1, 12, 'חלה או מאפה שמרים', 5.17, '1'),
(1, 2, 13, 'חמאה רגילה', 3.94, '1'),
(1, 1, 14, 'לחם אחיד (כהה)', 5.12, '1'),
(1, 1, 15, 'לחם אחיד (כהה) פרוס וארוז', 7.11, '1'),
(1, 1, 16, 'לחם לבן', 5.12, '1'),
(1, 1, 17, 'לחם לבן פרוס וארוז', 6.1, '1'),
(1, 3, 18, 'פסטרמות מעדנייה זוגלובק', 7, '1'),
(1, 2, 19, 'שמנת חמוצה 15% שומן רגילה', 2.28, '1'),
(1, 2, 20, 'שמנת מתוקה 38% שומן', 6.18, '1'),
(2, 4, 21, 'ביצי מאכל- גודל ענק ( XL )', 12.4, '1'),
(2, 4, 22, 'ביצי מאכל - גודל גדול (L)', 11.3, '1'),
(2, 4, 23, 'ביצי מאכל - מדיום (M)', 10.4, '1'),
(2, 2, 24, 'גבינה לבנה 5%', 4.75, '1'),
(2, 2, 25, 'גבינה קשה חצי שמנה עמק רגילה', 42.7, '1'),
(2, 2, 26, 'גבינה קשה שמנה גלבוע', 40.59, '1'),
(2, 2, 27, 'גיל 3% שומן', 1.44, '1'),
(2, 2, 28, 'חלב טרי  1% שומן בשקית (רגיל)', 4.81, '1'),
(2, 2, 29, 'חלב טרי 1% שומן בקרטון (רגיל)', 5.59, '1'),
(2, 2, 30, 'חלב טרי 3% שומן בקרטון (רגיל)', 5.94, '1'),
(2, 2, 31, 'חלב טרי 3% שומן בשקית (רגיל)', 5.17, '1'),
(2, 1, 32, 'חלה או מאפה שמרים', 5.17, '1'),
(2, 2, 33, 'חמאה רגילה', 3.94, '1'),
(2, 1, 34, 'לחם אחיד (כהה)', 5.12, '1'),
(2, 1, 35, 'לחם אחיד (כהה) פרוס וארוז', 7.11, '1'),
(2, 1, 36, 'לחם לבן', 5.12, '1'),
(2, 1, 37, 'לחם לבן פרוס וארוז', 6.1, '1'),
(2, 3, 38, 'פסטרמות מעדנייה זוגלובק', 7, '1'),
(2, 2, 39, 'שמנת חמוצה 15% שומן רגילה', 2.28, '1'),
(2, 2, 40, 'שמנת מתוקה 38% שומן', 6.18, '1'),
(3, 4, 41, 'ביצי מאכל- גודל ענק ( XL )', 12.4, '1'),
(3, 4, 42, 'ביצי מאכל - גודל גדול (L)', 11.3, '1'),
(3, 4, 43, 'ביצי מאכל - מדיום (M)', 10.4, '1'),
(3, 2, 44, 'גבינה לבנה 5%', 4.75, '1'),
(3, 2, 45, 'גבינה קשה חצי שמנה עמק רגילה', 42.7, '1'),
(3, 2, 46, 'גבינה קשה שמנה גלבוע', 40.59, '1'),
(3, 2, 47, 'גיל 3% שומן', 1.44, '1'),
(3, 2, 48, 'חלב טרי  1% שומן בשקית (רגיל)', 4.81, '1'),
(3, 2, 49, 'חלב טרי 1% שומן בקרטון (רגיל)', 5.59, '1'),
(3, 2, 50, 'חלב טרי 3% שומן בקרטון (רגיל)', 5.94, '1'),
(3, 2, 51, 'חלב טרי 3% שומן בשקית (רגיל)', 5.17, '1'),
(3, 1, 52, 'חלה או מאפה שמרים', 5.17, '1'),
(3, 2, 53, 'חמאה רגילה', 3.94, '1'),
(3, 1, 54, 'לחם אחיד (כהה)', 5.12, '1'),
(3, 1, 55, 'לחם אחיד (כהה) פרוס וארוז', 7.11, '1'),
(3, 1, 56, 'לחם לבן', 5.12, '1'),
(3, 1, 57, 'לחם לבן פרוס וארוז', 6.1, '1'),
(3, 3, 58, 'פסטרמות מעדנייה זוגלובק', 7, '1'),
(3, 2, 59, 'שמנת חמוצה 15% שומן רגילה', 2.28, '1'),
(3, 2, 60, 'שמנת מתוקה 38% שומן', 6.18, '1');

-- --------------------------------------------------------

--
-- Table structure for table `shop`
--

CREATE TABLE `shop` (
  `s_id` int(11) UNSIGNED NOT NULL,
  `s_name` varchar(30) COLLATE utf8_unicode_ci NOT NULL,
  `s_town_id` int(11) UNSIGNED NOT NULL COMMENT 'קוד עיר',
  `s_location` varchar(50) COLLATE utf8_unicode_ci NOT NULL COMMENT 'כתובת ספק',
  `s_phone` varchar(15) COLLATE utf8_unicode_ci NOT NULL COMMENT 'טלפון ספק'
) ENGINE=MyISAM DEFAULT CHARSET=utf8 COLLATE=utf8_unicode_ci;

--
-- Dumping data for table `shop`
--

INSERT INTO `shop` (`s_id`, `s_name`, `s_town_id`, `s_location`, `s_phone`) VALUES
(1, 'גדעון', 5000, 'אבן גבירול 71', '054-1234567'),
(2, 'דוד', 4000, 'הדר החלוץ 84', '053-1234567'),
(3, 'יוסי', 3000, 'יפו 154', '052-1234567');

-- --------------------------------------------------------

--
-- Table structure for table `supplier`
--

CREATE TABLE `supplier` (
  `u_id` int(11) UNSIGNED NOT NULL COMMENT 'קוד צרכן',
  `s_id` int(11) UNSIGNED NOT NULL COMMENT 'קוד ספק - אם מופיע ספק אם לא אז הוא צרכו'
) ENGINE=MyISAM DEFAULT CHARSET=utf8 COLLATE=utf8_unicode_ci;

--
-- Dumping data for table `supplier`
--

INSERT INTO `supplier` (`u_id`, `s_id`) VALUES
(1, 1),
(2, 2),
(3, 3);

-- --------------------------------------------------------

--
-- Table structure for table `town`
--

CREATE TABLE `town` (
  `t_id` int(11) UNSIGNED NOT NULL,
  `t_city` varchar(25) COLLATE utf8_unicode_ci NOT NULL COMMENT 'שם ישוב',
  `t_zone` varchar(25) COLLATE utf8_unicode_ci NOT NULL COMMENT 'נפה',
  `t_city_en` varchar(25) COLLATE utf8_unicode_ci NOT NULL
) ENGINE=MyISAM DEFAULT CHARSET=utf8 COLLATE=utf8_unicode_ci;

--
-- Dumping data for table `town`
--

INSERT INTO `town` (`t_id`, `t_city`, `t_zone`, `t_city_en`) VALUES
(0, 'לא רשום', 'לא ידוע', 'Not Found'),
(967, 'אבו ג\'ווייעד (שבט)', 'באר שבע', 'ABU JUWEI\'ID'),
(472, 'אבו גוש', 'ירושלים', 'ABU GHOSH'),
(473, 'אבו סנאן', 'עכו', 'ABU SINAN'),
(935, 'אבו סריחאן (שבט)', 'באר שבע', 'ABU SUREIHAN'),
(958, 'אבו עבדון (שבט)', 'באר שבע', 'ABUABDUN '),
(1042, 'אבו עמאר (שבט)', 'באר שבע', 'ABUAMMAR '),
(932, 'אבו עמרה (שבט)', 'באר שבע', 'ABUAMRE'),
(968, 'אבו קורינאת (שבט)', 'באר שבע', 'ABU QUREINAT'),
(1342, 'אבו קרינאת (יישוב)', 'באר שבע', 'ABU QUREINAT'),
(966, 'אבו רובייעה (שבט)', 'באר שבע', 'ABU RUBEI\'A'),
(961, 'אבו רוקייק (שבט)', 'באר שבע', 'ABU RUQAYYEQ'),
(1375, 'אבו תלול', 'באר שבע', 'ABU TULUL'),
(652, 'אבטין', 'חיפה', 'IBTIN'),
(1275, 'אבטליון', 'עכו', 'AVTALYON '),
(679, 'אביאל', 'חדרה', 'AVI\'EL'),
(1115, 'אביבים', 'צפת', 'AVIVIM'),
(819, 'אביגדור', 'אשקלון', 'AVIGEDOR '),
(175, 'אביחיל', 'השרון', 'AVIHAYIL '),
(2052, 'אביטל', 'עפולה', 'AVITAL'),
(1070, 'אביעזר', 'ירושלים', 'AVI\'EZER '),
(1220, 'אבירים', 'עכו', 'ABBIRIM'),
(182, 'אבן יהודה', 'השרון', 'EVEN YEHUDA'),
(1081, 'אבן מנחם', 'עכו', 'EVEN MENAHEM'),
(783, 'אבן ספיר', 'ירושלים', 'EVEN SAPPIR'),
(400, 'אבן שמואל', 'אשקלון', 'EVEN SHEMU\'EL'),
(4011, 'אבני איתן', 'גולן', 'AVNE ETAN'),
(3793, 'אבני חפץ', 'טול כרם', 'AVNE HEFEZ '),
(3786, 'אבנת', 'ירדן (יריחו)', 'AVENAT'),
(1311, 'אבשלום', 'באר שבע', 'AVSHALOM '),
(3759, 'אדורה', 'חברון', 'ADORA'),
(113, 'אדירים', 'עפולה', 'ADDIRIM'),
(1068, 'אדמית', 'עכו', 'ADAMIT'),
(1123, 'אדרת', 'ירושלים', 'ADDERET'),
(446, 'אודים', 'השרון', 'UDIM'),
(4010, 'אודם', 'גולן', 'ODEM'),
(1046, 'אוהד', 'באר שבע', 'OHAD'),
(2710, 'אום אל-פחם', 'חדרה', 'UMM AL-FAHM'),
(2024, 'אום אל-קוטוף', 'חדרה', 'UMM AL-QUTUF'),
(1358, 'אום בטין', 'באר שבע', 'UMM BATIN'),
(1108, 'אומן', 'עפולה', 'OMEN'),
(680, 'אומץ', 'השרון', 'OMEZ'),
(31, 'אופקים', 'באר שבע', 'OFAQIM'),
(1294, 'אור הגנוז', 'צפת', 'OR HAGANUZ '),
(67, 'אור הנר', 'אשקלון', 'OR HANER '),
(2400, 'אור יהודה', 'רמת גן', 'OR YEHUDA'),
(1020, 'אור עקיבא', 'חדרה', 'OR AQIVA '),
(780, 'אורה', 'ירושלים', 'ORA '),
(2012, 'אורות', 'אשקלון', 'OROT'),
(4013, 'אורטל', 'גולן', 'ORTAL'),
(403, 'אורים', 'באר שבע', 'URIM'),
(882, 'אורנים', 'חיפה', 'ORANIM'),
(3760, 'אורנית', 'טול כרם', 'ORANIT'),
(278, 'אושה', 'חיפה', 'USHA'),
(565, 'אזור', 'חולון', 'AZOR'),
(1157, 'אחווה', 'אשקלון', 'AHAWA'),
(821, 'אחוזם', 'אשקלון', 'AHUZZAM'),
(1330, 'אחוזת ברק', 'עפולה', 'AHUZZAT BARAQ'),
(785, 'אחיהוד', 'עכו', 'AHIHUD'),
(850, 'אחיטוב', 'השרון', 'AHITUV'),
(804, 'אחיסמך', 'רמלה', 'AHISAMAKH'),
(797, 'אחיעזר', 'רמלה', 'AHI\'EZER '),
(965, 'אטרש (שבט)', 'באר שבע', 'ATRASH'),
(338, 'איבים', 'אשקלון', 'IBBIM'),
(716, 'אייל', 'פתח תקווה', 'EYAL'),
(77, 'איילת השחר', 'צפת', 'AYYELET HASHAHAR'),
(294, 'אילון', 'עכו', 'ELON'),
(1126, 'אילות', 'באר שבע', 'ELOT'),
(49, 'אילניה', 'כנרת', 'ILANIYYA '),
(2600, 'אילת', 'באר שבע', 'ELAT'),
(1336, 'אירוס', 'רחובות', 'IRUS'),
(3762, 'איתמר', 'שכם', 'ITAMAR'),
(37, 'איתן', 'אשקלון', 'ETAN'),
(886, 'איתנים', 'ירושלים', 'ETANIM'),
(478, 'אכסאל', 'עפולה', 'IKSAL'),
(1359, 'אל סייד', 'באר שבע', 'AL SAYYID'),
(1339, 'אל-עזי', 'אשקלון', 'AL-AZY'),
(1316, 'אל-עריאן', 'חדרה', 'AL-ARYAN '),
(4003, 'אל-רום', 'גולן', 'EL-ROM'),
(1145, 'אלומה', 'אשקלון', 'ALUMMA'),
(330, 'אלומות', 'כנרת', 'ALUMMOT'),
(1182, 'אלון הגליל', 'עפולה', 'ALLON HAGALIL'),
(3579, 'אלון מורה', 'שכם', 'ELON MORE'),
(3604, 'אלון שבות', 'בית לחם', 'ALLON SHEVUT'),
(429, 'אלוני אבא', 'עפולה', 'ALLONE ABBA'),
(4017, 'אלוני הבשן', 'גולן', 'ALLONE HABASHAN '),
(868, 'אלוני יצחק', 'חדרה', 'ALLONE YIZHAQ'),
(285, 'אלונים', 'עפולה', 'ALLONIM'),
(4002, 'אלי-עד', 'גולן', 'ELI AL'),
(1365, 'אליאב', 'אשקלון', 'ELIAV'),
(41, 'אליכין', 'השרון', 'ELYAKHIN '),
(1248, 'אליפז', 'באר שבע', 'ELIFAZ'),
(730, 'אליפלט', 'צפת', 'ELIFELET '),
(682, 'אליקים', 'עפולה', 'ELYAQIM'),
(204, 'אלישיב', 'השרון', 'ELYASHIV '),
(841, 'אלישמע', 'פתח תקווה', 'ELISHAMA '),
(1125, 'אלמגור', 'כנרת', 'ALMAGOR'),
(3556, 'אלמוג', 'ירדן (יריחו)', 'ALMOG'),
(1309, 'אלעד', 'פתח תקווה', 'EL\'AD'),
(3618, 'אלעזר', 'בית לחם', 'EL\'AZAR'),
(3750, 'אלפי מנשה', 'טול כרם', 'ALFE MENASHE'),
(603, 'אלקוש', 'עכו', 'ELQOSH'),
(3560, 'אלקנה', 'טול כרם', 'ELQANA'),
(772, 'אמונים', 'אשקלון', 'EMUNIM'),
(1064, 'אמירים', 'צפת', 'AMIRIM'),
(1253, 'אמנון', 'כנרת', 'AMNUN'),
(23, 'אמציה', 'אשקלון', 'AMAZYA'),
(4012, 'אניעם', 'גולן', 'ANI\'AM'),
(960, 'אסד (שבט)', 'באר שבע', 'ASAD'),
(3754, 'אספר', 'חברון', 'ASEFAR'),
(529, 'אעבלין', 'עכו', 'I\'BILLIN '),
(963, 'אעצם (שבט)', 'באר שבע', 'A\'SAM'),
(959, 'אפיניש (שבט)', 'באר שבע', 'AFEINISH '),
(4301, 'אפיק', 'גולן', 'AFIQ'),
(176, 'אפיקים', 'כנרת', 'AFIQIM'),
(313, 'אפק', 'עכו', 'AFEQ'),
(3650, 'אפרת', 'בית לחם', 'EFRAT'),
(701, 'ארבל', 'כנרת', 'ARBEL'),
(3598, 'ארגמן', 'ירדן (יריחו)', 'ARGAMAN'),
(714, 'ארז', 'אשקלון', 'EREZ'),
(3570, 'אריאל', 'טול כרם', 'ARI\'EL'),
(1324, 'ארסוף', 'השרון', 'ARSUF'),
(71, 'אשבול', 'באר שבע', 'ESHBOL'),
(1276, 'אשבל', 'עכו', 'NAHAL ESHBAL'),
(70, 'אשדוד', 'אשקלון', 'ASHDOD'),
(199, 'אשדות יעקב(איחוד)', 'כנרת', 'ASHDOT YA\'AQOV)IHUD('),
(188, 'אשדות יעקב(מאוחד)', 'כנרת', 'ASHDOT YA\'AQOV)ME\'UH'),
(1188, 'אשחר', 'עכו', 'ESHHAR'),
(3722, 'אשכולות', 'חברון', 'ESHKOLOT '),
(2021, 'אשל הנשיא', 'באר שבע', 'ESHEL HANASI'),
(1152, 'אשלים', 'באר שבע', 'ASHALIM'),
(7100, 'אשקלון', 'אשקלון', 'ASHQELON '),
(1256, 'אשרת', 'עכו', 'ASHERAT'),
(740, 'אשתאול', 'ירושלים', 'ESHTA\'OL '),
(1298, 'אתגר', 'עכו', 'ETGAR'),
(6000, 'באקה אל-גרביה', 'חדרה', 'BAQA AL-GHARBIYYE '),
(21, 'באר אורה', 'באר שבע', 'BE\'ER ORA'),
(1376, 'באר גנים', 'באר שבע', 'BEER GANNIM'),
(155, 'באר טוביה', 'אשקלון', 'BE\'ER TUVEYA'),
(2530, 'באר יעקב', 'רמלה', 'BE\'ER YA\'AQOV'),
(1278, 'באר מילכה', 'באר שבע', 'BE\'ER MILKA'),
(9000, 'באר שבע', 'באר שבע', 'BE\'ER SHEVA'),
(450, 'בארות יצחק', 'פתח תקווה', 'BE\'EROT YIZHAQ'),
(697, 'בארותיים', 'השרון', 'BE\'EROTAYIM'),
(399, 'בארי', 'באר שבע', 'BE\'ERI'),
(559, 'בוסתן הגליל', 'עכו', 'BUSTAN HAGALIL'),
(482, 'בועיינה-נוג\'ידאת', 'נצרת', 'BU\'EINE-NUJEIDAT'),
(4001, 'בוקעאתא', 'גולן', 'BUQ\'ATA'),
(698, 'בורגתה', 'השרון', 'BURGETA'),
(2043, 'בחן', 'השרון', 'BAHAN'),
(762, 'בטחה', 'באר שבע', 'BITHA'),
(234, 'ביצרון', 'אשקלון', 'BIZZARON '),
(998, 'ביר אל-מכסור', 'עכו', 'BIR EL-MAKSUR'),
(1348, 'ביר הדאג\'', 'באר שבע', 'BIR HADAGE '),
(368, 'ביריה', 'צפת', 'BIRIYYA'),
(317, 'בית אורן', 'חדרה', 'BET OREN '),
(3574, 'בית אל', 'ראמאללה', 'BET EL'),
(562, 'בית אלעזרי', 'רחובות', 'BET EL\'AZARI'),
(95, 'בית אלפא', 'עפולה', 'BET ALFA '),
(3652, 'בית אריה', 'ראמאללה', 'BET ARYE '),
(1076, 'בית ברל', 'פתח תקווה', 'BET BERL '),
(480, 'בית ג\'ן', 'עכו', 'BEIT JANN'),
(619, 'בית גוברין', 'אשקלון', 'BET GUVRIN '),
(571, 'בית גמליאל', 'רחובות', 'BET GAMLI\'EL'),
(466, 'בית דגן', 'רמלה', 'BET DAGAN'),
(723, 'בית הגדי', 'באר שבע', 'BET HAGADDI'),
(373, 'בית הלוי', 'השרון', 'BET HALEVI '),
(322, 'בית הלל', 'צפת', 'BET HILLEL '),
(572, 'בית העמק', 'עכו', 'BET HAEMEQ '),
(3645, 'בית הערבה', 'ירדן (יריחו)', 'BET HAARAVA'),
(242, 'בית השיטה', 'עפולה', 'BET HASHITTA'),
(353, 'בית זיד', 'עפולה', 'BET ZEID '),
(710, 'בית זית', 'ירושלים', 'BET ZAYIT'),
(143, 'בית זרע', 'כנרת', 'BET ZERA '),
(3575, 'בית חורון', 'ראמאללה', 'BET HORON'),
(877, 'בית חירות', 'השרון', 'BET HERUT'),
(2033, 'בית חלקיה', 'רחובות', 'BET HILQIYYA'),
(159, 'בית חנן', 'רחובות', 'BET HANAN'),
(800, 'בית חנניה', 'חדרה', 'BET HANANYA'),
(1050, 'בית חשמונאי', 'רמלה', 'BET HASHMONAY'),
(288, 'בית יהושע', 'השרון', 'BET YEHOSHUA'),
(265, 'בית יוסף', 'עפולה', 'BET YOSEF'),
(200, 'בית ינאי', 'השרון', 'BET YANNAY '),
(326, 'בית יצחק-שער חפר', 'השרון', 'BET YIZHAQ-SH. HEFER'),
(430, 'בית לחם הגלילית', 'עפולה', 'BET LEHEM HAGELILIT'),
(751, 'בית מאיר', 'ירושלים', 'BET ME\'IR'),
(784, 'בית נחמיה', 'רמלה', 'BET NEHEMYA'),
(16, 'בית ניר', 'אשקלון', 'BET NIR'),
(672, 'בית נקופה', 'ירושלים', 'BET NEQOFA '),
(202, 'בית עובד', 'רחובות', 'BET OVED '),
(301, 'בית עוזיאל', 'רמלה', 'BET UZZI\'EL'),
(756, 'בית עזרא', 'אשקלון', 'BET EZRA '),
(604, 'בית עריף', 'רמלה', 'BET ARIF '),
(212, 'בית צבי', 'חדרה', 'BET ZEVI '),
(598, 'בית קמה', 'באר שבע', 'BET QAMA '),
(365, 'בית קשת', 'כנרת', 'BET QESHET '),
(848, 'בית רבן', 'רחובות', 'BET RABBAN '),
(1162, 'בית רימון', 'עפולה', 'BET RIMMON '),
(9200, 'בית שאן', 'עפולה', 'BET SHE\'AN '),
(2610, 'בית שמש', 'ירושלים', 'BET SHEMESH'),
(248, 'בית שערים', 'עפולה', 'BET SHE\'ARIM'),
(747, 'בית שקמה', 'אשקלון', 'BET SHIQMA '),
(252, 'ביתן אהרן', 'השרון', 'BITAN AHARON'),
(3780, 'ביתר עילית', 'בית לחם', 'BETAR ILLIT'),
(94, 'בלפוריה', 'עפולה', 'BALFURIYYA '),
(760, 'בן זכאי', 'רחובות', 'BEN ZAKKAY '),
(712, 'בן עמי', 'עכו', 'BEN AMMI '),
(1084, 'בן שמן (כפר נוער)', 'רמלה', 'BEN SHEMEN)K.NO\'AR('),
(2013, 'בן שמן (מושב)', 'רמלה', 'BEN SHEMEN )MOSHAV('),
(6100, 'בני ברק', 'רמת גן', 'BENE BERAQ '),
(1368, 'בני דקלים', 'אשקלון', 'BNE DKALIM '),
(592, 'בני דרום', 'רחובות', 'BENE DAROM '),
(386, 'בני דרור', 'השרון', 'BENE DEROR '),
(4015, 'בני יהודה', 'גולן', 'BENE YEHUDA'),
(1363, 'בני נצרים', 'באר שבע', 'BENE NEZARIM'),
(448, 'בני עטרות', 'פתח תקווה', 'BENE ATAROT'),
(1066, 'בני עי"ש ', 'רחובות', 'BENE AYISH '),
(418, 'בני ציון', 'השרון', 'BENE ZIYYON'),
(588, 'בני ראם', 'רחובות', 'BENE RE\'EM '),
(685, 'בניה', 'רחובות', 'BENAYA'),
(9800, 'בנימינה-גבעת עדה', 'חדרה', 'BINYAMINA'),
(1326, 'בסמ"ה', 'חדרה', 'BASMA'),
(944, 'בסמת טבעון', 'עפולה', 'BASMAT TAB\'UN'),
(483, 'בענה', 'עכו', 'BI NE'),
(389, 'בצרה', 'השרון', 'BAZRA'),
(589, 'בצת', 'עכו', 'BEZET'),
(864, 'בקוע', 'ירושלים', 'BEQOA'),
(3612, 'בקעות', 'ירדן (יריחו)', 'BEQA\'OT'),
(823, 'בר גיורא', 'ירושלים', 'BAR GIYYORA'),
(1191, 'בר יוחאי', 'צפת', 'BAR YOHAY'),
(3744, 'ברוכין', 'טול כרם', 'BRUKHIN'),
(428, 'ברור חיל', 'אשקלון', 'BEROR HAYIL'),
(2060, 'ברוש', 'באר שבע', 'BEROSH'),
(3710, 'ברכה', 'שכם', 'BERAKHA'),
(746, 'ברכיה', 'אשקלון', 'BEREKHYA '),
(667, 'ברעם', 'צפת', 'BAR\'AM'),
(141, 'ברק', 'עפולה', 'BARAQ'),
(617, 'ברקאי', 'חדרה', 'BARQAY'),
(3654, 'ברקן', 'טול כרם', 'BARQAN'),
(2038, 'ברקת', 'פתח תקווה', 'BAREQET'),
(1323, 'בת הדר', 'אשקלון', 'BAT HADAR'),
(1361, 'בת חן', 'השרון', 'BAT HEN'),
(1319, 'בת חפר', 'השרון', 'BAT HEFER'),
(1401, 'בת חצור', 'אשקלון', 'BAT HAZOR'),
(6200, 'בת ים', 'חולון', 'BAT YAM'),
(3794, 'בת עין', 'בית לחם', 'BAT AYIN '),
(33, 'בת שלמה', 'חדרה', 'BAT SHELOMO'),
(1292, 'ג\'דיידה-מכר', 'עכו', 'JUDEIDE-MAKER'),
(485, 'ג\'ולס', 'עכו', 'JULIS'),
(627, 'ג\'לג\'וליה', 'פתח תקווה', 'JALJULYE '),
(976, 'ג\'נאביב (שבט)', 'באר שבע', 'JUNNABIB '),
(541, 'ג\'סר א-זרקא', 'חדרה', 'JISR AZ-ZARQA'),
(487, 'ג\'ש (גוש חלב)', 'צפת', 'JISH)GUSH HALAV('),
(628, 'ג\'ת', 'חדרה', 'JAAT'),
(872, 'גאולי תימן', 'השרון', 'GE\'ULE TEMAN'),
(379, 'גאולים', 'השרון', 'GE\'ULIM'),
(853, 'גאליה', 'רחובות', 'GE\'ALYA'),
(352, 'גבולות', 'באר שבע', 'GEVULOT'),
(424, 'גבים', 'אשקלון', 'GEVIM'),
(86, 'גבע', 'עפולה', 'GEVA'),
(3763, 'גבע בנימין', 'ראמאללה', 'GEVA BINYAMIN'),
(683, 'גבע כרמל', 'חדרה', 'GEVAKARMEL'),
(2014, 'גבעולים', 'באר שבע', 'GIV\'OLIM '),
(3644, 'גבעון החדשה', 'ראמאללה', 'GIV\'ON HAHADASHA'),
(1344, 'גבעות בר', 'באר שבע', 'GEVA\'OT BAR'),
(1293, 'גבעת אבני', 'כנרת', 'GIV\'AT AVNI'),
(1288, 'גבעת אלה', 'עפולה', 'GIV\'AT ELA '),
(147, 'גבעת ברנר', 'רחובות', 'GIV\'AT BRENNER'),
(870, 'גבעת השלושה', 'פתח תקווה', 'GIV\'AT HASHELOSHA '),
(3730, 'גבעת זאב', 'ראמאללה', 'GIV\'AT ZE\'EV'),
(207, 'גבעת ח"ן ', 'פתח תקווה', 'GIV\'AT HEN '),
(2018, 'גבעת חיים (איחוד)', 'השרון', 'GIV\'AT HAYYIM )IHUD('),
(173, 'גבעת חיים (מאוחד)', 'השרון', 'GIV\'AT HAYYIM)ME\'UHA'),
(4021, 'גבעת יואב', 'גולן', 'GIV\'AT YO\'AV'),
(787, 'גבעת יערים', 'ירושלים', 'GIV\'AT YE\'ARIM'),
(919, 'גבעת ישעיהו', 'ירושלים', 'GIV\'AT YESHA\'YAHU '),
(802, 'גבעת כ"ח ', 'פתח תקווה', 'GIV\'AT KOAH'),
(360, 'גבעת ניל"י ', 'חדרה', 'GIV\'AT NILI'),
(703, 'גבעת עוז', 'עפולה', 'GIV\'AT OZ'),
(681, 'גבעת שמואל', 'פתח תקווה', 'GIV\'AT SHEMU\'EL '),
(566, 'גבעת שמש', 'ירושלים', 'GIV\'AT SHEMESH'),
(1077, 'גבעת שפירא', 'השרון', 'GIV\'AT SHAPPIRA '),
(793, 'גבעתי', 'אשקלון', 'GIV\'ATI'),
(6300, 'גבעתיים', 'רמת גן', 'GIV\'ATAYIM '),
(342, 'גברעם', 'אשקלון', 'GEVAR\'AM '),
(133, 'גבת', 'עפולה', 'GEVAT'),
(35, 'גדות', 'צפת', 'GADOT'),
(145, 'גדיש', 'עפולה', 'GADISH'),
(442, 'גדעונה', 'עפולה', 'GID\'ONA'),
(2550, 'גדרה', 'רחובות', 'GEDERA'),
(852, 'גונן', 'צפת', 'GONEN'),
(755, 'גורן', 'עכו', 'GOREN'),
(1219, 'גורנות הגליל', 'עכו', 'GORNOT HAGALIL'),
(457, 'גזית', 'עפולה', 'GAZIT'),
(370, 'גזר', 'רמלה', 'GEZER'),
(706, 'גיאה', 'אשקלון', 'GE\'A'),
(196, 'גיבתון', 'רחובות', 'GIBBETON '),
(1043, 'גיזו', 'ירושלים', 'GIZO'),
(1204, 'גילון', 'עכו', 'GILON'),
(736, 'גילת', 'באר שבע', 'GILAT'),
(262, 'גינוסר', 'כנרת', 'GINNOSAR '),
(92, 'גיניגר', 'עפולה', 'GINNEGAR '),
(863, 'גינתון', 'רמלה', 'GINNATON '),
(1206, 'גיתה', 'עכו', 'GITTA'),
(3613, 'גיתית', 'ירדן (יריחו)', 'GITTIT'),
(393, 'גלאון', 'אשקלון', 'GAL\'ON'),
(3606, 'גלגל', 'ירדן (יריחו)', 'GILGAL'),
(346, 'גליל ים', 'תל אביב', 'GELIL YAM'),
(369, 'גלעד (אבן יצחק)', 'עפולה', 'EVEN YIZHAQ)GAL\'ED('),
(745, 'גמזו', 'רמלה', 'GIMZO'),
(1072, 'גן הדרום', 'רחובות', 'GAN HADAROM'),
(225, 'גן השומרון', 'חדרה', 'GAN HASHOMERON'),
(239, 'גן חיים', 'פתח תקווה', 'GAN HAYYIM '),
(734, 'גן יאשיה', 'השרון', 'GAN YOSHIYYA'),
(166, 'גן יבנה', 'רחובות', 'GAN YAVNE'),
(1274, 'גן נר', 'עפולה', 'GAN NER'),
(311, 'גן שורק', 'רחובות', 'GAN SOREQ'),
(144, 'גן שלמה', 'רחובות', 'GAN SHELOMO'),
(72, 'גן שמואל', 'חדרה', 'GAN SHEMU\'EL'),
(836, 'גנות', 'רמלה', 'GANNOT'),
(549, 'גנות הדר', 'השרון', 'GANNOT HADAR'),
(1103, 'גני הדר', 'רמלה', 'GANNE HADAR'),
(1371, 'גני טל', 'רחובות', 'GANNE TAL'),
(862, 'גני יוחנן', 'רחובות', 'GANNE YOHANAN'),
(3823, 'גני מודיעין', 'ראמאללה', 'GANNE MODIIN'),
(218, 'גני עם', 'פתח תקווה', 'GANNE AM '),
(229, 'גני תקווה', 'פתח תקווה', 'GANNE TIQWA'),
(842, 'געש', 'השרון', 'GA\'ASH'),
(463, 'געתון', 'עכו', 'GA\'TON'),
(39, 'גפן', 'ירושלים', 'GEFEN'),
(1129, 'גרופית', 'באר שבע', 'GEROFIT'),
(4022, 'גשור', 'גולן', 'GESHUR'),
(305, 'גשר', 'כנרת', 'GESHER'),
(574, 'גשר הזיו', 'עכו', 'GESHER HAZIW'),
(340, 'גת (קיבוץ)', 'אשקלון', 'GAT)QIBBUZ('),
(128, 'גת רימון', 'פתח תקווה', 'GAT RIMMON '),
(494, 'דאלית אל-כרמל', 'חיפה', 'DALIYAT AL-KARMEL '),
(146, 'דבורה', 'עפולה', 'DEVORA'),
(489, 'דבוריה', 'עפולה', 'DABBURYE '),
(849, 'דבירה', 'באר שבע', 'DEVIRA'),
(407, 'דברת', 'עפולה', 'DAVERAT'),
(62, 'דגניה א\'', 'כנרת', 'DEGANYA ALEF'),
(79, 'דגניה ב\'', 'כנרת', 'DEGANYA BET'),
(1067, 'דוב"ב', 'צפת', 'DOVEV'),
(3747, 'דולב', 'ראמאללה', 'DOLEV'),
(738, 'דור', 'חדרה', 'DOR '),
(336, 'דורות', 'אשקלון', 'DOROT'),
(475, 'דחי', 'עפולה', 'DAHI'),
(490, 'דייר אל-אסד', 'עכו', 'DEIR AL-ASAD'),
(492, 'דייר חנא', 'עכו', 'DEIR HANNA '),
(493, 'דייר ראפאת', 'ירושלים', 'DEIR RAFAT '),
(2200, 'דימונה', 'באר שבע', 'DIMONA'),
(2063, 'דישון', 'צפת', 'DISHON'),
(300, 'דליה', 'עפולה', 'DALIYYA'),
(431, 'דלתון', 'צפת', 'DALTON'),
(1317, 'דמיידה', 'עכו', 'DEMEIDE'),
(303, 'דן', 'צפת', 'DAN '),
(302, 'דפנה', 'צפת', 'DAFNA'),
(1241, 'דקל', 'באר שבע', 'DEQEL'),
(1349, 'דריג\'את', 'באר שבע', 'DERIG\'AT '),
(702, 'האון', 'כנרת', 'HAON'),
(675, 'הבונים', 'חדרה', 'HABONIM'),
(356, 'הגושרים', 'צפת', 'HAGOSHERIM '),
(191, 'הדר עם', 'השרון', 'HADAR AM '),
(9700, 'הוד השרון', 'פתח תקווה', 'HOD HASHARON'),
(726, 'הודיה', 'אשקלון', 'HODIYYA'),
(1322, 'הודיות', 'כנרת', 'HODAYOT'),
(1169, 'הוואשלה (שבט)', 'באר שבע', 'HAWASHLA '),
(956, 'הוזייל (שבט)', 'באר שבע', 'HUZAYYEL '),
(1186, 'הושעיה', 'עפולה', 'HOSHA\'AYA'),
(250, 'הזורע', 'עפולה', 'HAZOREA'),
(307, 'הזורעים', 'כנרת', 'HAZORE\'IM'),
(434, 'החותרים', 'חדרה', 'HAHOTERIM'),
(684, 'היוגב', 'עפולה', 'HAYOGEV'),
(1208, 'הילה', 'עכו', 'HILLA'),
(377, 'המעפיל', 'השרון', 'HAMA\'PIL '),
(677, 'הסוללים', 'עפולה', 'HASOLELIM'),
(423, 'העוגן', 'השרון', 'HAOGEN'),
(3769, 'הר אדר', 'ראמאללה', 'HAR ADAR '),
(3603, 'הר גילה', 'בית לחם', 'HAR GILLO'),
(1261, 'הר עמשא', 'באר שבע', 'HAR AMASA'),
(464, 'הראל', 'ירושלים', 'HAR\'EL'),
(1249, 'הרדוף', 'עפולה', 'HARDUF'),
(6400, 'הרצליה', 'תל אביב', 'HERZELIYYA '),
(1203, 'הררית', 'עכו', 'HARARIT'),
(3639, 'ורד יריחו', 'ירדן (יריחו)', 'WERED YERIHO'),
(1133, 'ורדון', 'אשקלון', 'WARDON'),
(2742, 'זבארגה (שבט)', 'באר שבע', 'ZABARGA'),
(815, 'זבדיאל', 'אשקלון', 'ZAVDI\'EL '),
(44, 'זוהר', 'אשקלון', 'ZOHAR'),
(584, 'זיקים', 'אשקלון', 'ZIQIM'),
(788, 'זיתן', 'רמלה', 'ZETAN'),
(9300, 'זכרון יעקב', 'חדרה', 'ZIKHRON YA\'AQOV '),
(799, 'זכריה', 'ירושלים', 'ZEKHARYA '),
(1290, 'זמר', 'השרון', 'ZEMER'),
(1065, 'זמרת', 'באר שבע', 'ZIMRAT'),
(816, 'זנוח', 'ירושלים', 'ZANOAH'),
(2064, 'זרועה', 'באר שבע', 'ZERU\'A'),
(975, 'זרזיר', 'עפולה', 'ZARZIR'),
(818, 'זרחיה', 'אשקלון', 'ZERAHYA'),
(1321, 'ח\'ואלד', 'חיפה', 'KHAWALED '),
(986, 'ח\'ואלד (שבט)', 'נצרת', 'KHAWALED '),
(235, 'חבצלת השרון', 'השרון', 'HAVAZZELET HASHARON'),
(1110, 'חבר', 'עפולה', 'HEVER'),
(3400, 'חברון', 'חברון', ''),
(717, 'חגור', 'פתח תקווה', 'HAGOR'),
(3764, 'חגי', 'חברון', 'HAGGAI'),
(205, 'חגלה', 'השרון', 'HOGLA'),
(4026, 'חד-נס', 'גולן', 'HAD-NES'),
(618, 'חדיד', 'רמלה', 'HADID'),
(6500, 'חדרה', 'חדרה', 'HADERA'),
(948, 'חוג\'ייראת (ד\'הרה)', 'עכו', 'HUJEIRAT )DAHRA('),
(160, 'חולדה', 'רמלה', 'HULDA'),
(6600, 'חולון', 'חולון', 'HOLON'),
(1239, 'חולית', 'באר שבע', 'HOLIT'),
(253, 'חולתה', 'צפת', 'HULATA'),
(662, 'חוסן', 'עכו', 'HOSEN'),
(1332, 'חוסנייה', 'עכו', 'HUSSNIYYA'),
(115, 'חופית', 'השרון', 'HOFIT'),
(374, 'חוקוק', 'כנרת', 'HUQOQ'),
(1303, 'חורה', 'באר שבע', 'HURA'),
(496, 'חורפיש', 'עכו', 'HURFEISH '),
(355, 'חורשים', 'פתח תקווה', 'HORESHIM '),
(1047, 'חזון', 'כנרת', 'HAZON'),
(219, 'חיבת ציון', 'השרון', 'HIBBAT ZIYYON'),
(3643, 'חיננית', 'ג\'נין', 'HINNANIT '),
(4000, 'חיפה', 'חיפה', 'HAIFA'),
(162, 'חירות', 'השרון', 'HERUT'),
(1272, 'חלוץ', 'עכו', 'HALUZ'),
(820, 'חלץ', 'אשקלון', 'HELEZ'),
(993, 'חמאם', 'כנרת', 'HAMAM'),
(801, 'חמד', 'רמלה', 'HEMED'),
(343, 'חמדיה', 'עפולה', 'HAMADYA'),
(3646, 'חמדת', 'ירדן (יריחו)', 'NAHAL HEMDAT'),
(3609, 'חמרה', 'ירדן (יריחו)', 'HAMRA'),
(807, 'חניאל', 'השרון', 'HANNI\'EL '),
(280, 'חניתה', 'עכו', 'HANITA'),
(1257, 'חנתון', 'עפולה', 'HANNATON '),
(4005, 'חספין', 'גולן', 'HASPIN'),
(363, 'חפץ חיים', 'רחובות', 'HAFEZ HAYYIM'),
(90, 'חפצי-בה', 'עפולה', 'HEFZI-BAH'),
(700, 'חצב', 'אשקלון', 'HAZAV'),
(13, 'חצבה', 'באר שבע', 'HAZEVA'),
(2034, 'חצור הגלילית', 'צפת', 'HAZOR HAGELILIT '),
(406, 'חצור-אשדוד', 'אשקלון', 'HAZOR-ASHDOD'),
(1409, 'חצר בארותיים', 'השרון', 'HAZAR BE\'EROTAYIM '),
(1402, 'חצרות חולדה', 'רמלה', 'HAZROT HULDA'),
(1404, 'חצרות יסף', 'עכו', 'HAZROT YASAF'),
(1405, 'חצרות כ"ח', 'פתח תקווה', 'HAZROT KOAH'),
(397, 'חצרים', 'באר שבע', 'HAZERIM'),
(422, 'חרב לאת', 'השרון', 'HEREV LE\'ET'),
(1024, 'חרוצים', 'השרון', 'HARUZIM'),
(1247, 'חריש', 'חדרה', 'HARISH'),
(3717, 'חרמש', 'ג\'נין', 'HERMESH'),
(1209, 'חרשים', 'עכו', 'HARASHIM '),
(3770, 'חשמונאים', 'ראמאללה', 'HASHMONA\'IM'),
(6700, 'טבריה', 'כנרת', 'TIBERIAS '),
(962, 'טובא-זנגריה', 'צפת', 'TUBA-ZANGARIYYE '),
(498, 'טורעאן', 'נצרת', 'TUR\'AN'),
(2730, 'טייבה', 'השרון', 'TAYIBE'),
(497, 'טייבה (בעמק)', 'עפולה', 'TAYIBE)BAEMEQ('),
(2720, 'טירה', 'השרון', 'TIRE'),
(663, 'טירת יהודה', 'פתח תקווה', 'TIRAT YEHUDA'),
(2100, 'טירת כרמל', 'חיפה', 'TIRAT KARMEL'),
(268, 'טירת צבי', 'עפולה', 'TIRAT ZEVI '),
(462, 'טל שחר', 'ירושלים', 'TAL SHAHAR '),
(1181, 'טל-אל', 'עכו', 'TAL-EL'),
(1177, 'טללים', 'באר שבע', 'TELALIM'),
(3788, 'טלמון', 'ראמאללה', 'TALMON'),
(8900, 'טמרה', 'עכו', 'TAMRA'),
(547, 'טמרה (יזרעאל)', 'עפולה', 'TAMRA )YIZRE\'EL('),
(3743, 'טנא', 'חברון', 'TENE'),
(1214, 'טפחות', 'כנרת', 'TEFAHOT'),
(1295, 'יאנוח-ג\'ת', 'עכו', 'YANUH-JAT'),
(1232, 'יבול', 'באר שבע', 'YEVUL'),
(46, 'יבנאל', 'כנרת', 'YAVNE\'EL '),
(2660, 'יבנה', 'רחובות', 'YAVNE'),
(96, 'יגור', 'חיפה', 'YAGUR'),
(798, 'יגל', 'רמלה', 'YAGEL'),
(577, 'יד בנימין', 'רחובות', 'YAD BINYAMIN'),
(1134, 'יד השמונה', 'ירושלים', 'YAD HASHEMONA'),
(758, 'יד חנה', 'השרון', 'YAD HANNA'),
(358, 'יד מרדכי', 'אשקלון', 'YAD MORDEKHAY'),
(775, 'יד נתן', 'אשקלון', 'YAD NATAN'),
(64, 'יד רמב"ם ', 'רמלה', 'YAD RAMBAM '),
(1144, 'ידידה', 'ירושלים', 'YEDIDA'),
(9400, 'יהוד-מונוסון', 'פתח תקווה', 'YEHUD-MONOSON'),
(1158, 'יהל', 'באר שבע', 'YAHEL'),
(2009, 'יובל', 'צפת', 'YUVAL'),
(1226, 'יובלים', 'עכו', 'YUVALIM'),
(1112, 'יודפת', 'עכו', 'YODEFAT'),
(4007, 'יונתן', 'גולן', 'YONATAN'),
(803, 'יושיביה', 'באר שבע', 'YOSHIVYA '),
(452, 'יזרעאל', 'עפולה', 'YIZRE\'EL '),
(409, 'יחיעם', 'עכו', 'YEHI\'AM'),
(866, 'יטבתה', 'באר שבע', 'YOTVATA'),
(3607, 'ייט"ב', 'ירדן (יריחו)', 'YITAV'),
(811, 'יכיני', 'אשקלון', 'YAKHINI'),
(753, 'ינוב', 'השרון', 'YANUV'),
(2011, 'ינון', 'אשקלון', 'YINNON'),
(29, 'יסוד המעלה', 'צפת', 'YESUD HAMA\'ALA'),
(440, 'יסודות', 'רחובות', 'YESODOT'),
(575, 'יסעור', 'עכו', 'YAS\'UR'),
(1138, 'יעד', 'עכו', 'YA\'AD'),
(1117, 'יעל', 'עפולה', 'YA\'EL'),
(1044, 'יעף', 'השרון', 'YE\'AF'),
(795, 'יערה', 'עכו', 'YA\'ARA'),
(499, 'יפיע', 'נצרת', 'YAFI'),
(3566, 'יפית', 'ירדן (יריחו)', 'YAFIT'),
(134, 'יפעת', 'עפולה', 'YIF\'AT'),
(453, 'יפתח', 'צפת', 'YIFTAH'),
(3749, 'יצהר', 'שכם', 'YIZHAR'),
(759, 'יציץ', 'רמלה', 'YAZIZ'),
(417, 'יקום', 'השרון', 'YAQUM'),
(3647, 'יקיר', 'טול כרם', 'YAQIR'),
(241, 'יקנעם (מושבה)', 'עפולה', 'YOQNE\'AM)MOSHAVA( '),
(240, 'יקנעם עילית', 'עפולה', 'YOQNE\'AM ILLIT'),
(623, 'יראון', 'צפת', 'YIR\'ON'),
(2026, 'ירדנה', 'עפולה', 'YARDENA'),
(831, 'ירוחם', 'באר שבע', 'YEROHAM'),
(3000, 'ירושלים', 'ירושלים', 'JERUSALEM'),
(718, 'ירחיב', 'פתח תקווה', 'YARHIV'),
(502, 'ירכא', 'עכו', 'YIRKA'),
(183, 'ירקונה', 'פתח תקווה', 'YARQONA'),
(916, 'ישע', 'באר שבע', 'YESHA'),
(805, 'ישעי', 'ירושלים', 'YISH\'I'),
(828, 'ישרש', 'רמלה', 'YASHRESH '),
(1227, 'יתד', 'באר שבע', 'YATED'),
(1329, 'יתיר', 'באר שבע', ''),
(504, 'כאבול', 'עכו', 'KABUL'),
(505, 'כאוכב אבו אל-היג\'א', 'עכו', 'KAOKAB ABU AL-HIJA'),
(576, 'כברי', 'עכו', 'KABRI'),
(371, 'כדורי', 'כנרת', 'KADOORIE '),
(1338, 'כדיתה', 'צפת', 'KADDITA'),
(3564, 'כוכב השחר', 'ראמאללה', 'KOKHAV HASHAHAR '),
(1224, 'כוכב יאיר', 'פתח תקווה', 'KOKHAV YA\'IR'),
(3779, 'כוכב יעקב', 'ראמאללה', 'KOKHAV YA\'AQOV'),
(824, 'כוכב מיכאל', 'אשקלון', 'KOKHAV MIKHA\'EL '),
(1252, 'כורזים', 'צפת', 'KORAZIM'),
(1210, 'כחל', 'צפת', 'KAHAL'),
(1367, 'כחלה', 'באר שבע', 'KOCHLEA'),
(840, 'כיסופים', 'באר שבע', 'KISSUFIM '),
(1153, 'כישור', 'עכו', 'KISHOR'),
(1183, 'כליל', 'עכו', 'KELIL'),
(1229, 'כלנית', 'כנרת', 'KALLANIT '),
(1331, 'כמאנה', 'עכו', ''),
(1291, 'כמהין', 'באר שבע', 'KEMEHIN'),
(1201, 'כמון', 'עכו', 'KAMMON'),
(2006, 'כנות', 'אשקלון', 'KANNOT'),
(4028, 'כנף', 'גולן', 'KANAF'),
(63, 'כנרת (מושבה)', 'כנרת', 'KINNERET)MOSHAVA( '),
(57, 'כנרת (קבוצה)', 'כנרת', 'KINNERET)QEVUZA('),
(1059, 'כסיפה', 'באר שבע', 'KUSEIFE'),
(859, 'כסלון', 'ירושלים', 'KESALON'),
(1296, 'כסרא-סמיע', 'עכו', 'KISRA-SUMEI'),
(978, 'כעביה-טבאש-חג\'אג\'רה', 'נצרת', 'KA\'ABIYYE-TABBASH-HA'),
(857, 'כפר אביב', 'רחובות', 'KEFAR AVIV '),
(3638, 'כפר אדומים', 'ראמאללה', 'KEFAR ADUMMIM'),
(364, 'כפר אוריה', 'ירושלים', 'KEFAR URIYYA'),
(690, 'כפר אחים', 'אשקלון', 'KEFAR AHIM '),
(220, 'כפר ביאליק', 'חיפה', 'KEFAR BIALIK'),
(177, 'כפר ביל"ו', 'רחובות', 'KEFAR BILU '),
(357, 'כפר בלום', 'צפת', 'KEFAR BLUM '),
(2010, 'כפר בן נון', 'רמלה', 'KEFAR BIN NUN'),
(633, 'כפר ברא', 'פתח תקווה', 'KAFAR BARA '),
(132, 'כפר ברוך', 'עפולה', 'KEFAR BARUKH'),
(106, 'כפר גדעון', 'עפולה', 'KEFAR GID\'ON'),
(427, 'כפר גלים', 'חיפה', 'KEFAR GALLIM'),
(310, 'כפר גליקסון', 'חדרה', 'KEFAR GLIKSON'),
(76, 'כפר גלעדי', 'צפת', 'KEFAR GIL\'ADI'),
(707, 'כפר דניאל', 'רמלה', 'KEFAR DANIYYEL'),
(3796, 'כפר האורנים', 'ראמאללה', 'KEFAR HAORANIM'),
(192, 'כפר החורש', 'עפולה', 'KEFAR HAHORESH'),
(254, 'כפר המכבי', 'חיפה', 'KEFAR HAMAKKABI '),
(582, 'כפר הנגיד', 'רחובות', 'KEFAR HANAGID'),
(890, 'כפר הנוער הדתי', 'חיפה', 'KEFAR HANO\'AR HADATI'),
(443, 'כפר הנשיא', 'צפת', 'KEFAR HANASI'),
(187, 'כפר הס', 'השרון', 'KEFAR HESS '),
(217, 'כפר הרא"ה', 'השרון', 'KEFAR HARO\'E'),
(888, 'כפר הרי"ף', 'אשקלון', 'KEFAR HARIF'),
(190, 'כפר ויתקין', 'השרון', 'KEFAR VITKIN'),
(320, 'כפר ורבורג', 'אשקלון', 'KEFAR WARBURG'),
(1263, 'כפר ורדים', 'עכו', 'KEFAR WERADIM'),
(1325, 'כפר זוהרים', 'ירושלים', 'KEFAR ZOHARIM'),
(786, 'כפר זיתים', 'כנרת', 'KEFAR ZETIM'),
(696, 'כפר חב"ד ', 'רמלה', 'KEFAR HABAD'),
(609, 'כפר חושן', 'צפת', 'KEFAR HOSHEN'),
(255, 'כפר חיטים', 'כנרת', 'KEFAR HITTIM'),
(193, 'כפר חיים', 'השרון', 'KEFAR HAYYIM'),
(1297, 'כפר חנניה', 'צפת', 'KEFAR HANANYA'),
(112, 'כפר חסידים א\'', 'חיפה', 'KEFAR HASIDIM ALEF'),
(889, 'כפר חסידים ב\'', 'חיפה', 'KEFAR HASIDIM BET '),
(4004, 'כפר חרוב', 'גולן', 'KEFAR HARUV'),
(673, 'כפר טרומן', 'רמלה', 'KEFAR TRUMAN'),
(507, 'כפר יאסיף', 'עכו', 'KAFAR YASIF'),
(233, 'כפר ידידיה', 'השרון', 'YEDIDYA'),
(140, 'כפר יהושע', 'עפולה', 'KEFAR YEHOSHUA'),
(168, 'כפר יונה', 'השרון', 'KEFAR YONA '),
(85, 'כפר יחזקאל', 'עפולה', 'KEFAR YEHEZQEL'),
(170, 'כפר יעבץ', 'השרון', 'KEFAR YA\'BEZ'),
(508, 'כפר כמא', 'כנרת', 'KAFAR KAMA '),
(509, 'כפר כנא', 'נצרת', 'KAFAR KANNA'),
(387, 'כפר מונש', 'השרון', 'KEFAR MONASH'),
(1095, 'כפר מימון', 'באר שבע', 'KEFAR MAYMON'),
(98, 'כפר מל"ל ', 'פתח תקווה', 'KEFAR MALAL'),
(510, 'כפר מנדא', 'עכו', 'KAFAR MANDA'),
(274, 'כפר מנחם', 'אשקלון', 'KEFAR MENAHEM'),
(297, 'כפר מסריק', 'עכו', 'KEFAR MASARYK'),
(512, 'כפר מצר', 'נצרת', 'KAFAR MISR '),
(764, 'כפר מרדכי', 'רחובות', 'KEFAR MORDEKHAY '),
(316, 'כפר נטר', 'השרון', 'KEFAR NETTER'),
(345, 'כפר סאלד', 'צפת', 'KEFAR SZOLD'),
(6900, 'כפר סבא', 'פתח תקווה', 'KEFAR SAVA '),
(107, 'כפר סילבר', 'אשקלון', 'KEFAR SILVER'),
(249, 'כפר סירקין', 'פתח תקווה', 'KEFAR SIRKIN'),
(875, 'כפר עבודה', 'השרון', 'KEFAR AVODA'),
(845, 'כפר עזה', 'אשקלון', 'KEFAR AZZA '),
(3488, 'כפר עציון', 'בית לחם', 'KEFAR EZYON'),
(189, 'כפר פינס', 'חדרה', 'KEFAR PINES'),
(634, 'כפר קאסם', 'פתח תקווה', 'KAFAR QASEM'),
(388, 'כפר קיש', 'כנרת', 'KEFAR KISH '),
(654, 'כפר קרע', 'חדרה', 'KAFAR QARA '),
(579, 'כפר ראש הנקרה', 'עכו', 'KEFAR ROSH HANIQRA'),
(1130, 'כפר רוזנואלד (זרעית)', 'עכו', 'KEFAR ROZENWALD)ZAR.'),
(295, 'כפר רופין', 'עפולה', 'KEFAR RUPPIN'),
(1166, 'כפר רות', 'רמלה', 'KEFAR RUT'),
(605, 'כפר שמאי', 'צפת', 'KEFAR SHAMMAY'),
(743, 'כפר שמואל', 'רמלה', 'KEFAR SHEMU\'EL'),
(267, 'כפר שמריהו', 'תל אביב', 'KEFAR SHEMARYAHU'),
(47, 'כפר תבור', 'כנרת', 'KEFAR TAVOR'),
(3572, 'כפר תפוח', 'טול כרם', 'KEFAR TAPPUAH'),
(38, 'כרי דשא', 'כנרת', 'KARE DESHE '),
(1285, 'כרכום', 'כנרת', 'KARKOM'),
(664, 'כרם בן זמרה', 'צפת', 'KEREM BEN ZIMRA '),
(88, 'כרם בן שמן', 'רמלה', 'KEREM BEN SHEMEN'),
(1094, 'כרם יבנה (ישיבה)', 'רחובות', 'KEREM YAVNE)YESHIVA('),
(580, 'כרם מהר"ל', 'חדרה', 'KEREM MAHARAL'),
(1085, 'כרם שלום', 'באר שבע', 'KEREM SHALOM'),
(1264, 'כרמי יוסף', 'רמלה', 'KARME YOSEF'),
(3766, 'כרמי צור', 'חברון', 'KARME ZUR'),
(1374, 'כרמי קטיף', 'אשקלון', 'KARME QATIF'),
(1139, 'כרמיאל', 'עכו', 'KARMI\'EL '),
(768, 'כרמיה', 'אשקלון', 'KARMIYYA '),
(1198, 'כרמים', 'באר שבע', 'KERAMIM'),
(3656, 'כרמל', 'חברון', 'KARMEL'),
(1207, 'לבון', 'עכו', 'LAVON'),
(585, 'לביא', 'כנרת', 'LAVI'),
(1230, 'לבנים', 'כנרת', 'LIVNIM'),
(2023, 'להב', 'באר שבע', 'LAHAV'),
(380, 'להבות הבשן', 'צפת', 'LAHAVOT HABASHAN'),
(715, 'להבות חביבה', 'חדרה', 'LAHAVOT HAVIVA'),
(1271, 'להבים', 'באר שבע', 'LEHAVIM'),
(7000, 'לוד', 'רמלה', 'LOD '),
(52, 'לוזית', 'ירושלים', 'LUZIT'),
(595, 'לוחמי הגיטאות', 'עכו', 'LOHAME HAGETA\'OT'),
(1171, 'לוטם', 'עכו', 'LOTEM'),
(1255, 'לוטן', 'באר שבע', 'LOTAN'),
(674, 'לימן', 'עכו', 'LIMAN'),
(24, 'לכיש', 'אשקלון', 'LAKHISH'),
(1310, 'לפיד', 'רמלה', 'LAPPID'),
(1173, 'לפידות', 'עכו', 'LAPPIDOT '),
(1060, 'לקיה', 'באר שבע', 'LAQYE'),
(2055, 'מאור', 'חדרה', 'MA\'OR'),
(102, 'מאיר שפיה', 'חדרה', 'ME\'IR SHEFEYA'),
(771, 'מבוא ביתר', 'ירושלים', 'MEVO BETAR '),
(3569, 'מבוא דותן', 'ג\'נין', 'MEVO DOTAN '),
(3709, 'מבוא חורון', 'ראמאללה', 'MEVO HORON '),
(4204, 'מבוא חמה', 'גולן', 'MEVO HAMMA '),
(1141, 'מבוא מודיעים', 'רמלה', 'MEVO MODI\'IM'),
(1318, 'מבואות ים', 'השרון', 'MEVO\'OT YAM'),
(3825, 'מבואות יריחו', 'ירדן (יריחו)', 'MEVO\'OT YERIHO'),
(1080, 'מבועים', 'באר שבע', 'MABBU\'IM '),
(829, 'מבטחים', 'באר שבע', 'MIVTAHIM '),
(573, 'מבקיעים', 'אשקלון', 'MAVQI\'IM '),
(1015, 'מבשרת ציון', 'ירושלים', 'MEVASSERET ZIYYON '),
(516, 'מג\'ד אל-כרום', 'עכו', 'MAJD AL-KURUM'),
(4201, 'מג\'דל שמס', 'גולן', 'MAJDAL SHAMS'),
(481, 'מגאר', 'כנרת', 'MUGHAR'),
(689, 'מגדים', 'חדרה', 'MEGADIM'),
(65, 'מגדל', 'כנרת', 'MIGDAL'),
(874, 'מגדל העמק', 'עפולה', 'MIGDAL HAEMEQ'),
(3561, 'מגדל עוז', 'בית לחם', 'MIGDAL OZ'),
(3751, 'מגדלים', 'שכם', 'MIGDALIM '),
(586, 'מגידו', 'עפולה', 'MEGIDDO'),
(375, 'מגל', 'חדרה', 'MAGGAL'),
(695, 'מגן', 'באר שבע', 'MAGEN'),
(1155, 'מגן שאול', 'עפולה', 'MAGEN SHA\'UL'),
(722, 'מגשימים', 'פתח תקווה', 'MAGSHIMIM'),
(2029, 'מדרך עוז', 'עפולה', 'MIDRAKH OZ '),
(1140, 'מדרשת בן גוריון', 'באר שבע', 'MIDRESHET BEN GURION'),
(897, 'מדרשת רופין', 'השרון', 'MIDRESHET RUPPIN'),
(3797, 'מודיעין עילית', 'ראמאללה', 'MODI\'IN ILLIT'),
(1200, 'מודיעין-מכבים-רעות', 'רמלה', 'MODI\'IN-MAKKABBIM-RE'),
(269, 'מולדת', 'עפולה', 'MOLEDET'),
(208, 'מוצא עילית', 'ירושלים', 'MOZA ILLIT '),
(635, 'מוקייבלה', 'עפולה', 'MUQEIBLE '),
(1163, 'מורן', 'עכו', 'MORAN'),
(1178, 'מורשת', 'עכו', 'MORESHET '),
(606, 'מזור', 'פתח תקווה', 'MAZOR'),
(28, 'מזכרת בתיה', 'רחובות', 'MAZKERET BATYA'),
(104, 'מזרע', 'עפולה', 'MIZRA'),
(517, 'מזרעה', 'עכו', 'MAZRA\'A'),
(3599, 'מחולה', 'ירדן (יריחו)', 'MEHOLA'),
(1411, 'מחנה הילה', 'רחובות', 'MAHANE HILLA'),
(1418, 'מחנה טלי', 'באר שבע', 'MAHANE TALI'),
(1413, 'מחנה יהודית', 'עפולה', 'MAHANE YEHUDIT'),
(1416, 'מחנה יוכבד', 'באר שבע', 'MAHANE YOKHVED'),
(1415, 'מחנה יפה', 'באר שבע', 'MAHANE YAFA'),
(1196, 'מחנה יתיר', 'באר שבע', 'MAHANE YATTIR'),
(1414, 'מחנה מרים', 'אשקלון', 'MAHANE MIRYAM'),
(1412, 'מחנה תל נוף', 'רחובות', 'MAHANE TEL NOF'),
(308, 'מחניים', 'צפת', 'MAHANAYIM'),
(776, 'מחסיה', 'ירושלים', 'MAHSEYA'),
(43, 'מטולה', 'צפת', 'METULA'),
(822, 'מטע', 'ירושלים', 'MATTA'),
(1128, 'מי עמי', 'חדרה', 'ME AMMI'),
(2054, 'מיטב', 'עפולה', 'METAV'),
(649, 'מייסר', 'חדרה', 'MEISER'),
(4019, 'מיצר', 'גולן', 'MEZAR'),
(1282, 'מירב', 'עפולה', 'MERAV'),
(607, 'מירון', 'צפת', 'MERON'),
(731, 'מישר', 'רחובות', 'MESHAR'),
(1268, 'מיתר', 'באר שבע', 'METAR'),
(3614, 'מכורה', 'ירדן (יריחו)', 'MEKHORA'),
(1343, 'מכחול', 'באר שבע', 'MAKCHUL'),
(382, 'מכמורת', 'השרון', 'MIKHMORET'),
(1202, 'מכמנים', 'עכו', 'MIKHMANNIM '),
(164, 'מלאה', 'עפולה', 'MELE\'A'),
(2044, 'מלילות', 'באר שבע', 'MELILOT'),
(596, 'מלכיה', 'צפת', 'MALKIYYA '),
(1154, 'מלכישוע', 'עפולה', 'MALKISHUA'),
(2030, 'מנוחה', 'אשקלון', 'MENUHA'),
(1174, 'מנוף', 'עכו', 'MANOF'),
(1205, 'מנות', 'עכו', 'MANOT'),
(48, 'מנחמיה', 'כנרת', 'MENAHEMYA'),
(347, 'מנרה', 'צפת', 'MENNARA'),
(994, 'מנשית זבדה', 'נצרת', 'MANSHIYYET ZABDA'),
(1258, 'מסד', 'כנרת', 'MASSAD'),
(263, 'מסדה', 'כנרת', 'MASSADA'),
(298, 'מסילות', 'עפולה', 'MESILLOT '),
(742, 'מסילת ציון', 'ירושלים', 'MESILLAT ZIYYON '),
(748, 'מסלול', 'באר שבע', 'MASLUL'),
(4203, 'מסעדה', 'גולן', 'MAS\'ADE'),
(939, 'מסעודין אל-עזאזמה', 'באר שבע', 'MAS\'UDIN AL-\'AZAZME'),
(197, 'מעברות', 'השרון', 'MA\'BAROT '),
(1082, 'מעגלים', 'באר שבע', 'MA\'GALIM '),
(678, 'מעגן', 'כנרת', 'MA\'AGAN'),
(694, 'מעגן מיכאל', 'חדרה', 'MA\'AGAN MIKHA\'EL'),
(272, 'מעוז חיים', 'עפולה', 'MA\'OZ HAYYIM'),
(3657, 'מעון', 'חברון', 'MA\'ON'),
(570, 'מעונה', 'עכו', 'ME\'ONA'),
(518, 'מעיליא', 'עכו', 'MI\'ELYA'),
(416, 'מעין ברוך', 'צפת', 'MA\'YAN BARUKH'),
(290, 'מעין צבי', 'חדרה', 'MA\'YAN ZEVI'),
(3616, 'מעלה אדומים', 'בית לחם', 'MA\'ALE ADUMMIM'),
(3608, 'מעלה אפרים', 'ירדן (יריחו)', 'MA\'ALE EFRAYIM'),
(1127, 'מעלה גלבוע', 'עפולה', 'MA\'ALE GILBOA'),
(4008, 'מעלה גמלא', 'גולן', 'MA\'ALE GAMLA'),
(286, 'מעלה החמישה', 'ירושלים', 'MA\'ALE HAHAMISHA'),
(3752, 'מעלה לבונה', 'ראמאללה', 'MA\'ALE LEVONA'),
(3651, 'מעלה מכמש', 'ראמאללה', 'MA\'ALE MIKHMAS'),
(1327, 'מעלה עירון', 'חדרה', 'MA\'ALE IRON'),
(3653, 'מעלה עמוס', 'בית לחם', 'MA\'ALE AMOS'),
(3637, 'מעלה שומרון', 'טול כרם', 'MA\'ALE SHOMERON '),
(1063, 'מעלות-תרשיחא', 'עכו', 'MA\'ALOT-TARSHIHA'),
(344, 'מענית', 'חדרה', 'MA\'ANIT'),
(230, 'מעש', 'פתח תקווה', 'MA\'AS'),
(668, 'מפלסים', 'אשקלון', 'MEFALLESIM '),
(3745, 'מצדות יהודה', 'חברון', 'MEZADOT YEHUDA'),
(325, 'מצובה', 'עכו', 'MAZZUVA'),
(757, 'מצליח', 'רמלה', 'MAZLIAH'),
(58, 'מצפה', 'כנרת', 'MIZPA'),
(1222, 'מצפה אבי"ב ', 'עכו', 'MIZPE AVIV '),
(1370, 'מצפה אילן', 'חדרה', 'MITSPE ILAN'),
(3576, 'מצפה יריחו', 'ירדן (יריחו)', 'MIZPE YERIHO'),
(1190, 'מצפה נטופה', 'עפולה', 'MIZPE NETOFA'),
(99, 'מצפה רמון', 'באר שבע', 'MIZPE RAMON'),
(3610, 'מצפה שלם', 'ירדן (יריחו)', 'MIZPE SHALEM'),
(648, 'מצר', 'חדרה', 'MEZER'),
(22, 'מקווה ישראל', 'חולון', 'MIQWE YISRA\'EL'),
(843, 'מרגליות', 'צפת', 'MARGALIYYOT'),
(4101, 'מרום גולן', 'גולן', 'MEROM GOLAN'),
(1340, 'מרחב עם', 'באר שבע', 'MERHAV AM'),
(97, 'מרחביה (מושב)', 'עפולה', 'MERHAVYA)MOSHAV('),
(66, 'מרחביה (קיבוץ)', 'עפולה', 'MERHAVYA)QIBBUZ('),
(1098, 'מרכז שפירא', 'אשקלון', 'MERKAZ SHAPPIRA '),
(421, 'משאבי שדה', 'באר שבע', 'MASH\'ABBE SADE'),
(765, 'משגב דב', 'רחובות', 'MISGAV DOV '),
(378, 'משגב עם', 'צפת', 'MISGAV AM'),
(520, 'משהד', 'נצרת', 'MESHHED'),
(3605, 'משואה', 'ירדן (יריחו)', 'MASSU\'A'),
(620, 'משואות יצחק', 'אשקלון', 'MASSUOT YIZHAQ'),
(3785, 'משכיות', 'ירדן (יריחו)', 'MASKIYYOT'),
(670, 'משמר איילון', 'רמלה', 'MISHMAR AYYALON '),
(563, 'משמר דוד', 'רמלה', 'MISHMAR DAWID'),
(732, 'משמר הירדן', 'צפת', 'MISHMAR HAYARDEN'),
(395, 'משמר הנגב', 'באר שבע', 'MISHMAR HANEGEV '),
(130, 'משמר העמק', 'עפולה', 'MISHMAR HAEMEQ'),
(729, 'משמר השבעה', 'רמלה', 'MISHMAR HASHIV\'A'),
(194, 'משמר השרון', 'השרון', 'MISHMAR HASHARON'),
(213, 'משמרות', 'חדרה', 'MISHMAROT'),
(425, 'משמרת', 'השרון', 'MISHMERET'),
(791, 'משען', 'אשקלון', 'MASH\'EN'),
(1315, 'מתן', 'פתח תקווה', 'MATTAN'),
(1184, 'מתת', 'עכו', 'MATTAT'),
(3648, 'מתתיהו', 'ראמאללה', 'MATTITYAHU '),
(4551, 'נאות גולן', 'גולן', 'NE\'OT GOLAN'),
(1124, 'נאות הכיכר', 'באר שבע', 'NE\'OT HAKIKKAR'),
(408, 'נאות מרדכי', 'צפת', 'NE\'OT MORDEKHAY '),
(1197, 'נאות סמדר', 'באר שבע', 'SHIZZAFON'),
(524, 'נאעורה', 'עפולה', 'NA\'URA'),
(396, 'נבטים', 'באר שבע', 'NEVATIM'),
(315, 'נגבה', 'אשקלון', 'NEGBA'),
(3724, 'נגוהות', 'חברון', 'NEGOHOT'),
(309, 'נהורה', 'אשקלון', 'NEHORA'),
(80, 'נהלל', 'עפולה', 'NAHALAL'),
(9100, 'נהריה', 'עכו', 'NAHARIYYA'),
(4304, 'נוב', 'גולן', 'NOV '),
(55, 'נוגה', 'אשקלון', 'NOGAH'),
(3573, 'נוה צוף', 'ראמאללה', 'NEVE TSUF'),
(1366, 'נווה', 'באר שבע', 'NAVE'),
(926, 'נווה אבות', 'חדרה', 'NEWE AVOT'),
(590, 'נווה אור', 'עפולה', 'NEWE UR'),
(4303, 'נווה אטי"ב ', 'גולן', 'NEWE ATIV'),
(405, 'נווה אילן', 'ירושלים', 'NEWE ILAN'),
(296, 'נווה איתן', 'עפולה', 'NEWE ETAN'),
(3725, 'נווה דניאל', 'בית לחם', 'NEWE DANIYYEL'),
(1057, 'נווה זוהר', 'באר שבע', 'NEWE ZOHAR '),
(1314, 'נווה זיו', 'עכו', 'NEWE ZIV '),
(1279, 'נווה חריף', 'באר שבע', 'NEWE HARIF '),
(312, 'נווה ים', 'חדרה', 'NEWE YAM '),
(686, 'נווה ימין', 'פתח תקווה', 'NEWE YAMIN '),
(858, 'נווה ירק', 'פתח תקווה', 'NEWE YARAQ '),
(827, 'נווה מבטח', 'אשקלון', 'NEWE MIVTAH'),
(1071, 'נווה מיכאל', 'ירושלים', 'NEWE MIKHA\'EL'),
(1259, 'נווה שלום', 'ירושלים', 'NEWE SHALOM'),
(15, 'נועם', 'אשקלון', 'NO\'AM'),
(1333, 'נוף איילון', 'רמלה', 'NOF AYYALON'),
(1061, 'נוף הגליל', 'נצרת', 'NOF HAGALIL'),
(3790, 'נופים', 'טול כרם', 'NOFIM'),
(1284, 'נופית', 'חיפה', 'NOFIT'),
(257, 'נופך', 'פתח תקווה', 'NOFEKH'),
(3726, 'נוקדים', 'בית לחם', 'NOQEDIM'),
(447, 'נורדיה', 'השרון', 'NORDIYYA '),
(833, 'נורית', 'עפולה', 'NURIT'),
(59, 'נחושה', 'ירושלים', 'NEHUSHA'),
(844, 'נחל עוז', 'אשקלון', 'NAHAL OZ '),
(2045, 'נחלה', 'אשקלון', 'NAHALA'),
(3767, 'נחליאל', 'ראמאללה', 'NAHALI\'EL'),
(449, 'נחלים', 'פתח תקווה', 'NEHALIM'),
(809, 'נחם', 'ירושלים', 'NAHAM'),
(522, 'נחף', 'עכו', 'NAHEF'),
(433, 'נחשולים', 'חדרה', 'NAHSHOLIM'),
(777, 'נחשון', 'ירושלים', 'NAHSHON'),
(705, 'נחשונים', 'פתח תקווה', 'NAHSHONIM'),
(1147, 'נטועה', 'עכו', 'NETU\'A'),
(4014, 'נטור', 'גולן', 'NATUR'),
(1369, 'נטע', 'אשקלון', 'NETA'),
(174, 'נטעים', 'רחובות', 'NETA\'IM'),
(1254, 'נטף', 'ירושלים', 'NATAF'),
(523, 'ניין', 'עפולה', 'NEIN'),
(3655, 'ניל"י', 'ראמאללה', 'NILI'),
(351, 'ניצן', 'אשקלון', 'NIZZAN'),
(1419, 'ניצן ב\'', 'אשקלון', 'NIZZAN B '),
(1195, 'ניצנה (קהילת חינוך)', 'באר שבע', 'NIZZANA )QEHILAT HIN'),
(1280, 'ניצני סיני', 'באר שבע', 'NIZZANE SINAY'),
(851, 'ניצני עוז', 'השרון', 'NIZZANE OZ '),
(359, 'ניצנים', 'אשקלון', 'NIZZANIM '),
(808, 'ניר אליהו', 'פתח תקווה', 'NIR ELIYYAHU'),
(553, 'ניר בנים', 'אשקלון', 'NIR BANIM'),
(720, 'ניר גלים', 'רחובות', 'NIR GALLIM '),
(256, 'ניר דוד (תל עמל)', 'עפולה', 'NIR DAWID )TEL AMAL('),
(11, 'ניר ח"ן', 'אשקלון', 'NIR HEN'),
(165, 'ניר יפה', 'עפולה', 'NIR YAFE '),
(402, 'ניר יצחק', 'באר שבע', 'NIR YIZHAQ '),
(699, 'ניר ישראל', 'אשקלון', 'NIR YISRA\'EL'),
(2047, 'ניר משה', 'באר שבע', 'NIR MOSHE'),
(69, 'ניר עוז', 'באר שבע', 'NIR OZ'),
(348, 'ניר עם', 'אשקלון', 'NIR AM'),
(769, 'ניר עציון', 'חדרה', 'NIR EZYON'),
(2048, 'ניר עקיבא', 'באר שבע', 'NIR AQIVA'),
(331, 'ניר צבי', 'רמלה', 'NIR ZEVI '),
(602, 'נירים', 'באר שבע', 'NIRIM'),
(1236, 'נירית', 'פתח תקווה', 'NIRIT'),
(4035, 'נמרוד', 'גולן', 'NIMROD'),
(825, 'נס הרים', 'ירושלים', 'NES HARIM'),
(1143, 'נס עמים', 'עכו', 'NES AMMIM'),
(7200, 'נס ציונה', 'רחובות', 'NES ZIYYONA'),
(186, 'נעורים', 'השרון', 'NE\'URIM'),
(3787, 'נעלה', 'ראמאללה', 'NA\'ALE'),
(3713, 'נעמ"ה', 'ירדן (יריחו)', 'NAAMA'),
(158, 'נען', 'רמלה', 'NA\'AN'),
(3620, 'נערן', 'ירדן (יריחו)', 'NA\'ARAN'),
(1041, 'נצאצרה (שבט)', 'באר שבע', 'NASASRA'),
(1372, 'נצר חזני', 'רחובות', 'NEZER HAZZANI'),
(435, 'נצר סרני', 'רמלה', 'NEZER SERENI'),
(7300, 'נצרת', 'נצרת', 'NAZARETH '),
(2500, 'נשר', 'חיפה', 'NESHER'),
(3555, 'נתיב הגדוד', 'ירדן (יריחו)', 'NETIV HAGEDUD'),
(693, 'נתיב הל"ה', 'ירושלים', 'NETIV HALAMED-HE'),
(1242, 'נתיב העשרה', 'אשקלון', 'NETIV HAASARA'),
(792, 'נתיב השיירה', 'עכו', 'NETIV HASHAYYARA'),
(246, 'נתיבות', 'באר שבע', 'NETIVOT'),
(7400, 'נתניה', 'השרון', 'NETANYA'),
(525, 'סאג\'ור', 'עכו', 'SAJUR'),
(578, 'סאסא', 'צפת', 'SASA'),
(587, 'סביון', 'פתח תקווה', 'SAVYON'),
(2046, 'סגולה', 'אשקלון', 'SEGULA'),
(942, 'סואעד (חמרייה)', 'עכו', 'SAWA\'ID)HAMRIYYE( '),
(989, 'סואעד (כמאנה) (שבט)', 'עכו', 'SAWA\'ID )KAMANE('),
(526, 'סולם', 'עפולה', 'SULAM'),
(3756, 'סוסיה', 'חברון', 'SUSEYA'),
(1238, 'סופה', 'באר שבע', 'SUFA'),
(7500, 'סח\'נין', 'עכו', 'SAKHNIN'),
(1170, 'סייד (שבט)', 'באר שבע', 'SAYYID'),
(1245, 'סלמה', 'עכו', 'SALLAMA'),
(3567, 'סלעית', 'טול כרם', 'SAL\'IT'),
(1156, 'סמר', 'באר שבע', 'SAMAR'),
(3777, 'סנסנה', 'חברון', ''),
(419, 'סעד', 'באר שבע', 'SA\'AD'),
(1360, 'סעוה', 'באר שבע', 'SA\'WA'),
(454, 'סער', 'עכו', 'SA\'AR'),
(1176, 'ספיר', 'באר שבע', 'SAPPIR'),
(610, 'סתריה', 'רמלה', 'SITRIYYA '),
(4501, 'ע\'ג\'ר', 'גולן', 'GHAJAR'),
(892, 'עבדון', 'עכו', 'AVDON'),
(376, 'עברון', 'עכו', 'EVRON'),
(794, 'עגור', 'ירושלים', 'AGUR'),
(1199, 'עדי', 'עכו', 'ADI '),
(2035, 'עדנים', 'פתח תקווה', 'ADANIM'),
(826, 'עוזה', 'אשקלון', 'UZA '),
(528, 'עוזייר', 'נצרת', 'UZEIR'),
(737, 'עולש', 'השרון', 'OLESH'),
(666, 'עומר', 'באר שבע', 'OMER'),
(810, 'עופר', 'חדרה', 'OFER'),
(3617, 'עופרה', 'ראמאללה', 'OFRA'),
(32, 'עוצם', 'אשקלון', 'OZEM'),
(957, 'עוקבי (בנו עוקבה)', 'באר שבע', 'UQBI )BANU UQBA('),
(328, 'עזוז', 'באר שבע', 'EZUZ'),
(1149, 'עזר', 'אשקלון', 'EZER'),
(837, 'עזריאל', 'השרון', 'AZRI\'EL'),
(711, 'עזריה', 'רמלה', 'AZARYA'),
(817, 'עזריקם', 'אשקלון', 'AZRIQAM'),
(969, 'עטאוונה (שבט)', 'באר שבע', 'ATAWNE'),
(3658, 'עטרת', 'ראמאללה', 'ATERET'),
(1175, 'עידן', 'באר שבע', 'IDDAN'),
(530, 'עיילבון', 'כנרת', 'EILABUN'),
(156, 'עיינות', 'רחובות', 'AYANOT'),
(511, 'עילוט', 'נצרת', 'ILUT'),
(687, 'עין איילה', 'חדרה', 'EN AYYALA'),
(546, 'עין אל-אסד', 'עכו', 'EIN AL-ASAD'),
(273, 'עין גב', 'כנרת', 'EN GEV'),
(2042, 'עין גדי', 'באר שבע', 'EN GEDI'),
(436, 'עין דור', 'עפולה', 'EN DOR'),
(1240, 'עין הבשור', 'באר שבע', 'EN HABESOR '),
(74, 'עין הוד', 'חדרה', 'EN HOD'),
(167, 'עין החורש', 'השרון', 'EN HAHORESH'),
(289, 'עין המפרץ', 'עכו', 'EN HAMIFRAZ'),
(383, 'עין הנצי"ב ', 'עפולה', 'EN HANAZIV '),
(367, 'עין העמק', 'עפולה', 'EN HAEMEQ'),
(270, 'עין השופט', 'עפולה', 'EN HASHOFET'),
(676, 'עין השלושה', 'באר שבע', 'EN HASHELOSHA'),
(157, 'עין ורד', 'השרון', 'EN WERED '),
(4503, 'עין זיוון', 'גולן', 'EN ZIWAN '),
(1320, 'עין חוד', 'חדרה', 'EIN HOD'),
(1053, 'עין חצבה', 'באר שבע', 'EN HAZEVA'),
(89, 'עין חרוד (איחוד)', 'עפולה', 'EN HAROD )IHUD( '),
(82, 'עין חרוד (מאוחד)', 'עפולה', 'EN HAROD)ME\'UHAD( '),
(806, 'עין יהב', 'באר שבע', 'EN YAHAV '),
(813, 'עין יעקב', 'עכו', 'EN YA\'AQOV '),
(1056, 'עין כרם-בי"ס חקלאי', 'ירושלים', 'EN KAREM-B.S.HAQLA\'I'),
(426, 'עין כרמל', 'חדרה', 'EN KARMEL'),
(532, 'עין מאהל', 'נצרת', 'EIN MAHEL'),
(521, 'עין נקובא', 'ירושלים', 'EIN NAQQUBA'),
(223, 'עין עירון', 'חדרה', 'EN IRON'),
(622, 'עין צורים', 'אשקלון', 'EN ZURIM '),
(4502, 'עין קנייא', 'גולן', 'EIN QINIYYE'),
(514, 'עין ראפה', 'ירושלים', 'EIN RAFA '),
(139, 'עין שמר', 'חדרה', 'EN SHEMER'),
(880, 'עין שריד', 'השרון', 'EN SARID '),
(1251, 'עין תמר', 'באר שבע', 'EN TAMAR '),
(871, 'עינת', 'פתח תקווה', 'ENAT'),
(1187, 'עיר אובות', 'באר שבע', 'IR OVOT'),
(7600, 'עכו', 'עכו', 'AKKO'),
(1146, 'עלומים', 'באר שבע', 'ALUMIM'),
(3765, 'עלי', 'שכם', 'ELI '),
(3727, 'עלי זהב', 'טול כרם', 'ALE ZAHAV'),
(688, 'עלמה', 'צפת', 'ALMA'),
(3715, 'עלמון', 'ראמאללה', 'ALMON'),
(1212, 'עמוקה', 'צפת', 'AMUQQA'),
(3824, 'עמיחי', 'ראמאללה', 'AMMIHAY'),
(779, 'עמינדב', 'ירושלים', 'AMMINADAV'),
(385, 'עמיעד', 'צפת', 'AMMI\'AD'),
(318, 'עמיעוז', 'באר שבע', 'AMMI\'OZ'),
(773, 'עמיקם', 'חדרה', 'AMMIQAM'),
(319, 'עמיר', 'צפת', 'AMIR'),
(3660, 'עמנואל', 'טול כרם', 'IMMANU\'EL'),
(708, 'עמקה', 'עכו', 'AMQA'),
(3712, 'ענב', 'טול כרם', 'ENAV'),
(534, 'עספיא', 'חיפה', 'ISIFYA'),
(7700, 'עפולה', 'עפולה', 'AFULA'),
(3778, 'עץ אפרים', 'טול כרם', 'EZ EFRAYIM '),
(917, 'עצמון שגב', 'עכו', 'ATSMON-SEGEV'),
(531, 'עראבה', 'עכו', 'ARRABE'),
(1246, 'עראמשה', 'עכו', 'ARAMSHA'),
(1335, 'ערב אל נעים', 'עכו', 'ARRAB AL NAIM'),
(2560, 'ערד', 'באר שבע', 'ARAD'),
(593, 'ערוגות', 'אשקלון', 'ARUGOT'),
(637, 'ערערה', 'חדרה', 'AR\'ARA'),
(1192, 'ערערה-בנגב', 'באר שבע', 'AR\'ARA-BANEGEV'),
(591, 'עשרת', 'רחובות', 'ASERET'),
(53, 'עתלית', 'חדרה', 'ATLIT'),
(3748, 'עתניאל', 'חברון', 'OTNI\'EL'),
(1151, 'פארן', 'באר שבע', 'PARAN'),
(3768, 'פדואל', 'טול כרם', 'PEDU\'EL'),
(750, 'פדויים', 'באר שבע', 'PEDUYIM'),
(838, 'פדיה', 'רמלה', 'PEDAYA'),
(1104, 'פוריה - כפר עבודה', 'כנרת', 'PORIYYA-KEFAR AVODA'),
(1105, 'פוריה - נווה עובד', 'כנרת', 'PORIYYA-NEWE OVED '),
(1313, 'פוריה עילית', 'כנרת', 'PORIYYA ILLIT'),
(537, 'פוריידיס', 'חדרה', 'FUREIDIS '),
(767, 'פורת', 'השרון', 'PORAT'),
(749, 'פטיש', 'באר שבע', 'PATTISH'),
(1185, 'פלך', 'עכו', 'PELEKH'),
(597, 'פלמחים', 'רחובות', 'PALMAHIM '),
(3723, 'פני חבר', 'חברון', 'PENE HEVER '),
(3659, 'פסגות', 'ראמאללה', 'PESAGOT'),
(535, 'פסוטה', 'עכו', 'FASSUTA'),
(2059, 'פעמי תש"ז', 'באר שבע', 'PA\'AME TASHAZ'),
(3615, 'פצאל', 'ירדן (יריחו)', 'PEZA\'EL'),
(536, 'פקיעין (בוקייעה)', 'עכו', 'PEQI\'IN )BUQEI\'A( '),
(281, 'פקיעין חדשה', 'עכו', 'PEQI\'IN HADASHA '),
(7800, 'פרדס חנה-כרכור', 'חדרה', 'PARDES HANNA-KARKUR'),
(171, 'פרדסיה', 'השרון', 'PARDESIYYA '),
(599, 'פרוד', 'צפת', 'PAROD'),
(2053, 'פרזון', 'עפולה', 'PERAZON'),
(1231, 'פרי גן', 'באר שבע', 'PERI GAN '),
(7900, 'פתח תקווה', 'פתח תקווה', 'PETAH TIQWA'),
(839, 'פתחיה', 'רמלה', 'PETAHYA'),
(413, 'צאלים', 'באר שבע', 'ZE\'ELIM'),
(1180, 'צביה', 'עכו', 'ZVIYYA'),
(1213, 'צבעון', 'צפת', 'ZIV\'ON'),
(465, 'צובה', 'ירושלים', 'ZOVA'),
(1136, 'צוחר', 'באר שבע', 'ZOHAR'),
(1111, 'צופיה', 'רחובות', 'ZOFIYYA'),
(3791, 'צופים', 'טול כרם', 'ZUFIN'),
(198, 'צופית', 'פתח תקווה', 'ZOFIT'),
(1150, 'צופר', 'באר שבע', 'ZOFAR'),
(1102, 'צוקי ים', 'השרון', 'SHOSHANNAT HAAMAQIM)'),
(1262, 'צוקים', 'באר שבע', 'MAHANE BILDAD'),
(1113, 'צור הדסה', 'ירושלים', 'ZUR HADASSA'),
(1345, 'צור יצחק', 'פתח תקווה', 'ZUR YIZHAQ '),
(276, 'צור משה', 'השרון', 'ZUR MOSHE'),
(1148, 'צור נתן', 'פתח תקווה', 'ZUR NATAN'),
(774, 'צוריאל', 'עכו', 'ZURI\'EL'),
(1221, 'צורית', 'עכו', 'ZURIT'),
(613, 'ציפורי', 'עפולה', 'ZIPPORI'),
(796, 'צלפון', 'ירושלים', 'ZELAFON'),
(636, 'צנדלה', 'עפולה', 'SANDALA'),
(594, 'צפריה', 'רמלה', 'ZAFRIYYA '),
(1079, 'צפרירים', 'ירושלים', 'ZAFRIRIM '),
(8000, 'צפת', 'צפת', 'ZEFAT'),
(612, 'צרופה', 'חדרה', 'ZERUFA'),
(567, 'צרעה', 'ירושלים', 'ZOR\'A'),
(1234, 'קבועה (שבט)', 'באר שבע', 'QABBO\'A'),
(334, 'קבוצת יבנה', 'רחובות', 'QEVUZAT YAVNE'),
(3557, 'קדומים', 'טול כרם', 'QEDUMIM'),
(195, 'קדימה-צורן', 'השרון', 'QADIMA-ZORAN'),
(392, 'קדמה', 'אשקלון', 'QEDMA'),
(4025, 'קדמת צבי', 'גולן', 'QIDMAT ZEVI'),
(3781, 'קדר', 'בית לחם', 'QEDAR'),
(615, 'קדרון', 'רחובות', 'QIDRON'),
(1211, 'קדרים', 'כנרת', 'QADDARIM '),
(964, 'קודייראת א-צאנע(שבט)', 'באר שבע', 'QUDEIRAT AS-SANI'),
(972, 'קוואעין (שבט)', 'באר שבע', 'QAWA\'IN'),
(766, 'קוממיות', 'אשקלון', 'QOMEMIYYUT '),
(1179, 'קורנית', 'עכו', 'QORANIT'),
(1052, 'קטורה', 'באר שבע', 'QETURA'),
(1167, 'קיסריה', 'חדרה', 'QESARIYYA'),
(414, 'קלחים', 'באר שבע', 'QELAHIM'),
(3601, 'קליה', 'ירדן (יריחו)', 'QALYA'),
(638, 'קלנסווה', 'השרון', 'QALANSAWE'),
(4024, 'קלע', 'גולן', 'QELA'),
(1243, 'קציר', 'חדרה', 'QAZIR'),
(1347, 'קצר א-סר', 'באר שבע', ''),
(4100, 'קצרין', 'גולן', 'QAZRIN'),
(2620, 'קרית אונו', 'רמת גן', 'QIRYAT ONO '),
(3611, 'קרית ארבע', 'חברון', 'QIRYAT ARBA'),
(6800, 'קרית אתא', 'חיפה', 'QIRYAT ATTA'),
(9500, 'קרית ביאליק', 'חיפה', 'QIRYAT BIALIK'),
(2630, 'קרית גת', 'אשקלון', 'QIRYAT GAT '),
(2300, 'קרית טבעון', 'חיפה', 'QIRYAT TIV\'ON'),
(9600, 'קרית ים', 'חיפה', 'QIRYAT YAM '),
(1137, 'קרית יערים', 'ירושלים', 'QIRYAT YE\'ARIM'),
(2039, 'קרית יערים(מוסד)', 'ירושלים', 'QIRYAT YE\'ARIM)INSTI'),
(8200, 'קרית מוצקין', 'חיפה', 'QIRYAT MOTZKIN'),
(1034, 'קרית מלאכי', 'אשקלון', 'QIRYAT MAL\'AKHI '),
(3746, 'קרית נטפים', 'טול כרם', 'QIRYAT NETAFIM'),
(78, 'קרית ענבים', 'ירושלים', 'QIRYAT ANAVIM'),
(469, 'קרית עקרון', 'רחובות', 'QIRYAT EQRON'),
(412, 'קרית שלמה', 'השרון', 'QIRYAT SHELOMO'),
(2800, 'קרית שמונה', 'צפת', 'QIRYAT SHEMONA'),
(3640, 'קרני שומרון', 'טול כרם', 'QARNE SHOMERON'),
(4006, 'קשת', 'גולן', 'QESHET'),
(543, 'ראמה', 'עכו', 'RAME'),
(1334, 'ראס אל-עין', 'עכו', 'RAS AL-EIN '),
(990, 'ראס עלי', 'חיפה', 'RAS ALI'),
(2640, 'ראש העין', 'פתח תקווה', 'ROSH HAAYIN'),
(26, 'ראש פינה', 'צפת', 'ROSH PINNA '),
(3602, 'ראש צורים', 'בית לחם', 'ROSH ZURIM '),
(8300, 'ראשון לציון', 'רחובות', 'RISHON LEZIYYON '),
(3795, 'רבבה', 'שכם', 'REVAVA'),
(564, 'רבדים', 'אשקלון', 'REVADIM'),
(354, 'רביבים', 'באר שבע', 'REVIVIM'),
(1225, 'רביד', 'כנרת', 'RAVID'),
(390, 'רגבה', 'עכו', 'REGBA'),
(444, 'רגבים', 'חדרה', 'REGAVIM'),
(1161, 'רהט', 'באר שבע', 'RAHAT'),
(2051, 'רווחה', 'אשקלון', 'REWAHA'),
(2016, 'רוויה', 'עפולה', 'REWAYA'),
(1341, 'רוח מדבר', 'באר שבע', 'RUAH MIDBAR'),
(362, 'רוחמה', 'אשקלון', 'RUHAMA'),
(539, 'רומאנה', 'נצרת', 'RUMMANE'),
(997, 'רומת הייב', 'נצרת', 'RUMAT HEIB '),
(3619, 'רועי', 'ירדן (יריחו)', 'RO\'I'),
(3782, 'רותם', 'ירדן (יריחו)', 'ROTEM'),
(854, 'רחוב', 'עפולה', 'REHOV'),
(8400, 'רחובות', 'רחובות', 'REHOVOT'),
(3822, 'רחלים', 'שכם', 'REHELIM'),
(540, 'ריחאניה', 'צפת', 'REIHANIYYE '),
(3568, 'ריחן', 'ג\'נין', 'REHAN'),
(542, 'ריינה', 'נצרת', 'REINE'),
(3565, 'רימונים', 'ראמאללה', 'RIMMONIM '),
(616, 'רינתיה', 'פתח תקווה', 'RINNATYA '),
(922, 'רכסים', 'חיפה', 'REKHASIM '),
(1069, 'רם-און', 'עפולה', 'RAM-ON'),
(4702, 'רמות', 'גולן', 'RAMOT'),
(206, 'רמות השבים', 'פתח תקווה', 'RAMOT HASHAVIM'),
(735, 'רמות מאיר', 'רמלה', 'RAMOT ME\'IR'),
(445, 'רמות מנשה', 'עפולה', 'RAMOT MENASHE'),
(372, 'רמות נפתלי', 'צפת', 'RAMOT NAFTALI'),
(8500, 'רמלה', 'רמלה', 'RAMLA'),
(8600, 'רמת גן', 'רמת גן', 'RAMAT GAN'),
(135, 'רמת דוד', 'עפולה', 'RAMAT DAWID'),
(184, 'רמת הכובש', 'פתח תקווה', 'RAMAT HAKOVESH'),
(335, 'רמת השופט', 'עפולה', 'RAMAT HASHOFET'),
(2650, 'רמת השרון', 'תל אביב', 'RAMAT HASHARON'),
(178, 'רמת יוחנן', 'חיפה', 'RAMAT YOHANAN'),
(122, 'רמת ישי', 'עפולה', 'RAMAT YISHAY'),
(4701, 'רמת מגשימים', 'גולן', 'RAMAT MAGSHIMIM '),
(339, 'רמת צבי', 'עפולה', 'RAMAT ZEVI '),
(460, 'רמת רזיאל', 'ירושלים', 'RAMAT RAZI\'EL'),
(127, 'רמת רחל', 'ירושלים', 'RAMAT RAHEL'),
(789, 'רנן', 'באר שבע', 'RANNEN'),
(713, 'רעים', 'באר שבע', 'RE\'IM'),
(8700, 'רעננה', 'פתח תקווה', 'RA\'ANANA '),
(1228, 'רקפת', 'עכו', 'RAQEFET'),
(247, 'רשפון', 'השרון', 'RISHPON'),
(437, 'רשפים', 'עפולה', 'RESHAFIM '),
(1260, 'רתמים', 'באר שבע', 'RETAMIM'),
(324, 'שאר ישוב', 'צפת', 'SHE\'AR YASHUV'),
(1377, 'שבי דרום', 'באר שבע', 'SHAVE DAROM'),
(282, 'שבי ציון', 'עכו', 'SHAVE ZIYYON'),
(3571, 'שבי שומרון', 'שכם', 'SHAVE SHOMERON'),
(913, 'שבלי - אום אל-גנם', 'עפולה', 'SHIBLI'),
(1286, 'שגב-שלום', 'באר שבע', 'SEGEV-SHALOM'),
(721, 'שדה אילן', 'כנרת', 'SEDE ILAN'),
(304, 'שדה אליהו', 'עפולה', 'SEDE ELIYYAHU'),
(861, 'שדה אליעזר', 'צפת', 'SEDE ELI\'EZER'),
(885, 'שדה בוקר', 'באר שבע', 'SEDE BOQER '),
(36, 'שדה דוד', 'אשקלון', 'SEDE DAWID '),
(284, 'שדה ורבורג', 'פתח תקווה', 'SEDE WARBURG'),
(293, 'שדה יואב', 'אשקלון', 'SEDE YO\'AV '),
(142, 'שדה יעקב', 'עפולה', 'SEDE YA\'AQOV'),
(2008, 'שדה יצחק', 'חדרה', 'SEDE YIZHAQ'),
(18, 'שדה משה', 'אשקלון', 'SEDE MOSHE '),
(259, 'שדה נחום', 'עפולה', 'SEDE NAHUM '),
(329, 'שדה נחמיה', 'צפת', 'SEDE NEHEMYA'),
(1058, 'שדה ניצן', 'באר שבע', 'SEDE NIZZAN'),
(739, 'שדה עוזיהו', 'אשקלון', 'SEDE UZZIYYAHU'),
(2049, 'שדה צבי', 'באר שבע', 'SEDE ZEVI'),
(327, 'שדות ים', 'חדרה', 'SEDOT YAM'),
(27, 'שדות מיכה', 'ירושלים', 'SEDOT MIKHA'),
(1223, 'שדי אברהם', 'באר שבע', 'SEDE AVRAHAM'),
(2015, 'שדי חמד', 'פתח תקווה', 'SEDE HEMED '),
(2057, 'שדי תרומות', 'עפולה', 'SEDE TERUMOT'),
(555, 'שדמה', 'רחובות', 'SHEDEMA'),
(306, 'שדמות דבורה', 'כנרת', 'SHADMOT DEVORA'),
(3578, 'שדמות מחולה', 'ירדן (יריחו)', 'SHADMOT MEHOLA'),
(1031, 'שדרות', 'אשקלון', 'SEDEROT'),
(741, 'שואבה', 'ירושלים', 'SHO\'EVA'),
(761, 'שובה', 'באר שבע', 'SHUVA'),
(394, 'שובל', 'באר שבע', 'SHOVAL'),
(1304, 'שוהם', 'רמלה', 'SHOHAM'),
(614, 'שומרה', 'עכו', 'SHOMERA'),
(1265, 'שומריה', 'באר שבע', 'SHOMERIYYA '),
(415, 'שוקדה', 'באר שבע', 'SHOQEDA'),
(456, 'שורש', 'ירושלים', 'SHORESH'),
(1235, 'שורשים', 'עכו', 'SHORASHIM'),
(224, 'שושנת העמקים', 'השרון', 'SHOSHANNAT HAAMAQIM'),
(527, 'שזור', 'עכו', 'SHEZOR'),
(7, 'שחר', 'אשקלון', 'SHAHAR'),
(1266, 'שחרות', 'באר שבע', 'SHAHARUT '),
(865, 'שיבולים', 'באר שבע', 'SHIBBOLIM'),
(1267, 'שיטים', 'באר שבע', 'NAHAL SHITTIM'),
(658, 'שייח\' דנון', 'עכו', 'SHEIKH DANNUN'),
(3641, 'שילה', 'ראמאללה', 'SHILO'),
(1165, 'שילת', 'רמלה', 'SHILAT'),
(1160, 'שכניה', 'עכו', 'SHEKHANYA'),
(873, 'שלווה', 'אשקלון', 'SHALWA'),
(1373, 'שלווה במדבר', 'באר שבע', 'SHALVA BAMIDBAR '),
(439, 'שלוחות', 'עפולה', 'SHELUHOT '),
(812, 'שלומי', 'עכו', 'SHELOMI'),
(1364, 'שלומית', 'באר שבע', 'SHLOMIT'),
(366, 'שמיר', 'צפת', 'SHAMIR'),
(3784, 'שמעה', 'חברון', 'SHIM\'A'),
(432, 'שמרת', 'עכו', 'SHAMERAT '),
(1337, 'שמשית', 'עפולה', 'SHIMSHIT '),
(1287, 'שני', 'באר שבע', 'SHANI'),
(1132, 'שניר', 'צפת', 'SENIR'),
(538, 'שעב', 'עכו', 'SHA\'AB'),
(1299, 'שעורים', 'כנרת', 'SE\'ORIM'),
(4009, 'שעל', 'גולן', 'SHA\'AL'),
(856, 'שעלבים', 'רמלה', 'SHA\'ALVIM'),
(661, 'שער אפרים', 'השרון', 'SHA\'AR EFRAYIM'),
(264, 'שער הגולן', 'כנרת', 'SHA\'AR HAGOLAN'),
(237, 'שער העמקים', 'חיפה', 'SHA\'AR HAAMAQIM '),
(921, 'שער מנשה', 'חדרה', 'SHA\'AR MENASHE'),
(3720, 'שערי תקווה', 'טול כרם', 'SHA\'ARE TIQWA'),
(232, 'שפיים', 'השרון', 'SHEFAYIM '),
(692, 'שפיר', 'אשקלון', 'SHAFIR'),
(846, 'שפר', 'צפת', 'SHEFER'),
(8800, 'שפרעם', 'עכו', 'SHEFAR\'AM'),
(3649, 'שקד', 'ג\'נין', 'SHAQED'),
(1233, 'שקף', 'אשקלון', 'SHEQEF'),
(292, 'שרונה', 'כנרת', 'SHARONA'),
(1114, 'שריגים (לי-און)', 'ירושלים', 'LI-ON'),
(126, 'שריד', 'עפולה', 'SARID'),
(398, 'שרשרת', 'באר שבע', 'SHARSHERET '),
(1045, 'שתולה', 'עכו', 'SHETULA'),
(763, 'שתולים', 'אשקלון', 'SHETULIM '),
(2062, 'תאשור', 'באר שבע', 'TE\'ASHUR '),
(2061, 'תדהר', 'באר שבע', 'TIDHAR'),
(1172, 'תובל', 'עכו', 'TUVAL'),
(3558, 'תומר', 'ירדן (יריחו)', 'TOMER'),
(1083, 'תושיה', 'באר שבע', 'TUSHIYYA '),
(163, 'תימורים', 'אשקלון', 'TIMMORIM '),
(10, 'תירוש', 'ירושלים', 'TIROSH'),
(5000, 'תל אביב - יפו', 'תל אביב', 'TEL AVIV - YAFO '),
(84, 'תל יוסף', 'עפולה', 'TEL YOSEF'),
(287, 'תל יצחק', 'השרון', 'TEL YIZHAQ '),
(154, 'תל מונד', 'השרון', 'TEL MOND '),
(103, 'תל עדשים', 'עפולה', 'TEL ADASHIM'),
(719, 'תל קציר', 'כנרת', 'TEL QAZIR'),
(1054, 'תל שבע', 'באר שבע', 'TEL SHEVA'),
(1283, 'תל תאומים', 'עפולה', 'TEL TE\'OMIM'),
(3719, 'תלם', 'חברון', 'TELEM'),
(1051, 'תלמי אליהו', 'באר שבע', 'TALME ELIYYAHU'),
(2003, 'תלמי אלעזר', 'חדרה', 'TALME EL\'AZAR'),
(2050, 'תלמי ביל"ו ', 'באר שבע', 'TALME BILU '),
(1237, 'תלמי יוסף', 'באר שבע', 'TALME YOSEF'),
(727, 'תלמי יחיאל', 'אשקלון', 'TALME YEHI\'EL'),
(744, 'תלמי יפה', 'אשקלון', 'TALME YAFE '),
(814, 'תלמים', 'אשקלון', 'TELAMIM'),
(1244, 'תמרת', 'עפולה', 'TIMRAT'),
(2002, 'תנובות', 'השרון', 'TENUVOT'),
(752, 'תעוז', 'ירושלים', 'TA\'OZ'),
(709, 'תפרח', 'באר שבע', 'TIFRAH'),
(665, 'תקומה', 'באר שבע', 'TEQUMA'),
(3563, 'תקוע', 'בית לחם', 'TEQOA'),
(970, 'תראבין א-צאנע (שבט)', 'באר שבע', 'TARABIN AS-SANI '),
(1346, 'תראבין א-צאנע(ישוב)', 'באר שבע', 'TARABIN AS-SANI '),
(778, 'תרום', 'ירושלים', 'TARUM');

-- --------------------------------------------------------

--
-- Table structure for table `user`
--

CREATE TABLE `user` (
  `id` int(11) UNSIGNED NOT NULL,
  `login` varchar(15) COLLATE utf8_unicode_ci NOT NULL,
  `password` varchar(15) COLLATE utf8_unicode_ci NOT NULL,
  `dt` datetime NOT NULL DEFAULT CURRENT_TIMESTAMP,
  `name` varchar(30) COLLATE utf8_unicode_ci NOT NULL COMMENT 'שם מלא',
  `phone` varchar(15) COLLATE utf8_unicode_ci DEFAULT NULL,
  `town` int(11) UNSIGNED NOT NULL DEFAULT '0',
  `address` varchar(50) COLLATE utf8_unicode_ci DEFAULT NULL
) ENGINE=MyISAM DEFAULT CHARSET=utf8 COLLATE=utf8_unicode_ci;

--
-- Dumping data for table `user`
--

INSERT INTO `user` (`id`, `login`, `password`, `dt`, `name`, `phone`, `town`, `address`) VALUES
(1, 'gk', '123', '2020-06-04 14:35:00', 'גדעון קוך', '050-1234567', 5000, 'פישמן 3'),
(2, 'david', '234', '2020-05-19 23:06:29', 'דוד כהן', '058-1234567', 4000, 'העצמאות 84 דירה 28'),
(3, 'yosi', '345', '2020-06-07 07:42:39', 'יוסי ברכה', '056-1234567', 3000, 'הרצל 3'),
(36, 'or', '456', '2020-06-19 13:12:42', 'אור נבון', '050-1234588', 5000, 'דיזנגוף 51'),
(37, 'niva', '567', '2020-06-19 13:12:42', 'ניבה מנור', '050-1244588', 4000, 'העצמאות 12'),
(38, 'adi', '678', '2020-06-19 13:13:59', 'עדי מזרחי', '058-1234562', 3000, 'החלוץ 4');

--
-- Indexes for dumped tables
--

--
-- Indexes for table `category`
--
ALTER TABLE `category`
  ADD PRIMARY KEY (`c_id`);

--
-- Indexes for table `chat`
--
ALTER TABLE `chat`
  ADD PRIMARY KEY (`chat_id`),
  ADD KEY `t2` (`t2`),
  ADD KEY `t2_2` (`t2`),
  ADD KEY `t1` (`t1`);

--
-- Indexes for table `log`
--
ALTER TABLE `log`
  ADD KEY `l_s_id` (`l_s_id`,`l_u_id`,`l_p_id`),
  ADD KEY `l_s_id_2` (`l_s_id`),
  ADD KEY `l_u_id` (`l_u_id`),
  ADD KEY `l_p_id` (`l_p_id`);

--
-- Indexes for table `product`
--
ALTER TABLE `product`
  ADD PRIMARY KEY (`p_id`),
  ADD KEY `p_category` (`p_category`),
  ADD KEY `p_shop_id` (`p_shop_id`);

--
-- Indexes for table `shop`
--
ALTER TABLE `shop`
  ADD PRIMARY KEY (`s_id`);

--
-- Indexes for table `supplier`
--
ALTER TABLE `supplier`
  ADD KEY `u_id` (`u_id`),
  ADD KEY `s_id` (`s_id`);

--
-- Indexes for table `town`
--
ALTER TABLE `town`
  ADD PRIMARY KEY (`t_id`);

--
-- Indexes for table `user`
--
ALTER TABLE `user`
  ADD PRIMARY KEY (`id`);

--
-- AUTO_INCREMENT for dumped tables
--

--
-- AUTO_INCREMENT for table `category`
--
ALTER TABLE `category`
  MODIFY `c_id` int(11) UNSIGNED NOT NULL AUTO_INCREMENT, AUTO_INCREMENT=5;
--
-- AUTO_INCREMENT for table `chat`
--
ALTER TABLE `chat`
  MODIFY `chat_id` int(11) UNSIGNED NOT NULL AUTO_INCREMENT, AUTO_INCREMENT=22;
--
-- AUTO_INCREMENT for table `product`
--
ALTER TABLE `product`
  MODIFY `p_id` int(11) NOT NULL AUTO_INCREMENT, AUTO_INCREMENT=61;
--
-- AUTO_INCREMENT for table `shop`
--
ALTER TABLE `shop`
  MODIFY `s_id` int(11) UNSIGNED NOT NULL AUTO_INCREMENT, AUTO_INCREMENT=4;
--
-- AUTO_INCREMENT for table `user`
--
ALTER TABLE `user`
  MODIFY `id` int(11) UNSIGNED NOT NULL AUTO_INCREMENT, AUTO_INCREMENT=39;
/*!40101 SET CHARACTER_SET_CLIENT=@OLD_CHARACTER_SET_CLIENT */;
/*!40101 SET CHARACTER_SET_RESULTS=@OLD_CHARACTER_SET_RESULTS */;
/*!40101 SET COLLATION_CONNECTION=@OLD_COLLATION_CONNECTION */;
